category,name,reading
AKB48(AKBグループ)の名前一覧,前田敦子,まえだ あつこ
AKB48(AKBグループ)の名前一覧,小嶋陽菜,こじま はるな
AKB48(AKBグループ)の名前一覧,板野友美,いたの ともみ
AKB48(AKBグループ)の名前一覧,大島麻衣,おおしま まい
AKB48(AKBグループ)の名前一覧,浦野一美,うらの かずみ
AKB48(AKBグループ)の名前一覧,平嶋夏海,ひらじま なつみ
AKB48(AKBグループ)の名前一覧,大島優子,おおしま ゆうこ
AKB48(AKBグループ)の名前一覧,秋元才加,あきもと さやか
AKB48(AKBグループ)の名前一覧,宮澤佐江,みやざわ さえ
AKB48(AKBグループ)の名前一覧,梅田彩佳,うめだ あやか
AKB48(AKBグループ)の名前一覧,河西智美,かさい ともみ
AKB48(AKBグループ)の名前一覧,増田有華,ますだ ゆか
AKB48(AKBグループ)の名前一覧,小林香菜,こばやし かな
AKB48(AKBグループ)の名前一覧,佐藤夏希,さとう なつき
AKB48(AKBグループ)の名前一覧,野呂佳代,のろ かよ
AKB48(AKBグループ)の名前一覧,奥真奈美,おく まなみ
AKB48(AKBグループ)の名前一覧,松原夏海,まつばら なつみ
AKB48(AKBグループ)の名前一覧,柏木由紀,かしわぎ ゆき
AKB48(AKBグループ)の名前一覧,渡辺麻友,わたなべ まゆ
AKB48(AKBグループ)の名前一覧,多田愛佳,おおた あいか
AKB48(AKBグループ)の名前一覧,仲川遥香,なかがわ はるか
AKB48(AKBグループ)の名前一覧,片山陽加,かたやま はるか
AKB48(AKBグループ)の名前一覧,米沢瑠美,よねざわ るみ
AKB48(AKBグループ)の名前一覧,指原莉乃,さしはら りの
AKB48(AKBグループ)の名前一覧,北原里英,きたはら りえ
AKB48(AKBグループ)の名前一覧,石田晴香,いしだ はるか
AKB48(AKBグループ)の名前一覧,近野莉菜,ちかの りな
AKB48(AKBグループ)の名前一覧,宮崎美穂,みやざき みほ
AKB48(AKBグループ)の名前一覧,仁藤萌乃,にとう もえの
AKB48(AKBグループ)の名前一覧,中塚智実,なかつか ともみ
AKB48(AKBグループ)の名前一覧,小原春香,こはら はるか
AKB48(AKBグループ)の名前一覧,高城亜樹,たかじょう あき
AKB48(AKBグループ)の名前一覧,野中美郷,のなか みさと
AKB48(AKBグループ)の名前一覧,前田亜美,まえだ あみ
AKB48(AKBグループ)の名前一覧,岩佐美咲,いわさ みさき
AKB48(AKBグループ)の名前一覧,松井咲子,まつい さきこ
AKB48(AKBグループ)の名前一覧,小森美果,こもり みか
AKB48(AKBグループ)の名前一覧,島崎遥香,しまざき はるか
AKB48(AKBグループ)の名前一覧,横山由依,よこやま ゆい
AKB48(AKBグループ)の名前一覧,大場美奈,おおば みな
AKB48(AKBグループ)の名前一覧,山内鈴蘭,やまうち すずらん
AKB48(AKBグループ)の名前一覧,島田晴香,しまだ はるか
AKB48(AKBグループ)の名前一覧,竹内美宥,たけうち みゆ
AKB48(AKBグループ)の名前一覧,入山杏奈,いりやま あんな
AKB48(AKBグループ)の名前一覧,加藤玲奈,かとう れな
AKB48(AKBグループ)の名前一覧,市川美織,いちかわ みおり
AKB48(AKBグループ)の名前一覧,藤田奈那,ふじた なな
AKB48(AKBグループ)の名前一覧,仲俣汐里,なかまた しおり
AKB48(AKBグループ)の名前一覧,川栄李奈,かわえい りな
AKB48(AKBグループ)の名前一覧,小嶋菜月,こじま なつき
AKB48(AKBグループ)の名前一覧,名取稚菜,なとり わかな
AKB48(AKBグループ)の名前一覧,森川彩香,もりかわ あやか
AKB48(AKBグループ)の名前一覧,高橋朱里,たかはし じゅり
AKB48(AKBグループ)の名前一覧,田野優花,たの ゆうか
AKB48(AKBグループ)の名前一覧,平田梨奈,ひらた りな
AKB48(AKBグループ)の名前一覧,武藤十夢,むとう とむ
AKB48(AKBグループ)の名前一覧,岩田華怜,いわた かれん
AKB48(AKBグループ)の名前一覧,大森美優,おおもり みゆう
AKB48(AKBグループ)の名前一覧,岩立沙穂,いわたて さほ
AKB48(AKBグループ)の名前一覧,梅田綾乃,うめた あやの
AKB48(AKBグループ)の名前一覧,大島涼花,おおしま りょうか
AKB48(AKBグループ)の名前一覧,岡田彩花,おかだ あやか
AKB48(AKBグループ)の名前一覧,北澤早紀,きたざわ さき
AKB48(AKBグループ)の名前一覧,篠崎彩奈,しのざき あやな
AKB48(AKBグループ)の名前一覧,村山彩希,むらやま ゆいり
AKB48(AKBグループ)の名前一覧,小嶋真子,こじま まこ
AKB48(AKBグループ)の名前一覧,岡田奈々,おかだ なな
AKB48(AKBグループ)の名前一覧,西野未姫,にしの みき
AKB48(AKBグループ)の名前一覧,内山奈月,うちやま なつき
AKB48(AKBグループ)の名前一覧,前田美月,まえだ みつき
AKB48(AKBグループ)の名前一覧,市川愛美,いちかわ まなみ
AKB48(AKBグループ)の名前一覧,大川莉央,おおかわ りお
AKB48(AKBグループ)の名前一覧,込山榛香,こみやま はるか
AKB48(AKBグループ)の名前一覧,佐藤妃星,さとう きあら
AKB48(AKBグループ)の名前一覧,谷口めぐ,たにぐち めぐ
AKB48(AKBグループ)の名前一覧,土保瑞希,つちやす みずき
AKB48(AKBグループ)の名前一覧,福岡聖菜,ふくおか せいな
AKB48(AKBグループ)の名前一覧,湯本亜美,ゆもと あみ
AKB48(AKBグループ)の名前一覧,梅本和泉,うめもと いずみ
AKB48(AKBグループ)の名前一覧,黒須遥香,くろす はるか
AKB48(AKBグループ)の名前一覧,佐藤美波,さとう みなみ
AKB48(AKBグループ)の名前一覧,長友彩海,ながとも あやみ
AKB48(AKBグループ)の名前一覧,播磨七海,はりま ななみ
AKB48(AKBグループ)の名前一覧,本間麻衣,ほんま まい
AKB48(AKBグループ)の名前一覧,山根涼羽,やまね すずは
AKB48(AKBグループ)の名前一覧,西山怜那,にしやま れな
AKB48(AKBグループ)の名前一覧,後藤萌咲,ごとう もえ
AKB48(AKBグループ)の名前一覧,川本紗矢,かわもと さや
AKB48(AKBグループ)の名前一覧,横島亜衿,よこしま あえり
AKB48(AKBグループ)の名前一覧,樋渡結依,ひわたし ゆい
AKB48(AKBグループ)の名前一覧,野村奈央,のむら なお
AKB48(AKBグループ)の名前一覧,久保怜音,くぼ さとね
AKB48(AKBグループ)の名前一覧,高橋希良,たかはし きら
AKB48(AKBグループ)の名前一覧,山邊歩夢,やまべ あゆ
AKB48(AKBグループ)の名前一覧,千葉恵里,ちば えりい
AKB48(AKBグループ)の名前一覧,坂口渚沙,さかぐち なぎさ(北海道)
AKB48(AKBグループ)の名前一覧,横山結衣,よこやま ゆい(青森県)
AKB48(AKBグループ)の名前一覧,佐藤七海,さとう ななみ(岩手県)
AKB48(AKBグループ)の名前一覧,舞木香純,もうぎ かすみ(福島県)
AKB48(AKBグループ)の名前一覧,本田仁美,ほんだ ひとみ(栃木県)
AKB48(AKBグループ)の名前一覧,高橋彩音,たかはし あやね(埼玉県)
AKB48(AKBグループ)の名前一覧,吉川七瀬,よしかわ ななせ(千葉県)
AKB48(AKBグループ)の名前一覧,小栗有以,おぐり ゆい(東京都)
AKB48(AKBグループ)の名前一覧,左伴彩佳,ひだりとも あやか(山梨県)
AKB48(AKBグループ)の名前一覧,藤村菜月,ふじむら なつき(愛知県)
AKB48(AKBグループ)の名前一覧,横道侑里,よこみち ゆり(静岡県)
AKB48(AKBグループ)の名前一覧,服部有菜,はっとり ゆうな(岐阜県)
AKB48(AKBグループ)の名前一覧,山本亜依,やまもと あい(三重県)
AKB48(AKBグループ)の名前一覧,橋本陽菜,はしもと はるな(富山県)
AKB48(AKBグループ)の名前一覧,長久玲奈,ちょう くれな(福井県)
AKB48(AKBグループ)の名前一覧,永野芹佳,ながの せりか(大阪府)
AKB48(AKBグループ)の名前一覧,太田奈緒,おおた なお(京都府)
AKB48(AKBグループ)の名前一覧,山本瑠香,やまもと るか(和歌山県)
AKB48(AKBグループ)の名前一覧,大西桃香,おおにし ももか(奈良県)
AKB48(AKBグループ)の名前一覧,濱咲友菜,はま さゆな(滋賀県)
AKB48(AKBグループ)の名前一覧,中野郁海,なかの いくみ(鳥取県)
AKB48(AKBグループ)の名前一覧,阿部芽唯,あべ めい(島根県)
AKB48(AKBグループ)の名前一覧,下尾みう,したお みう(山口県)
AKB48(AKBグループ)の名前一覧,吉田華恋,よしだ かれん(福岡県)
AKB48(AKBグループ)の名前一覧,福地礼奈,ふくち れな(佐賀県)
AKB48(AKBグループ)の名前一覧,岩崎萌花,いわさき もえか(長崎県)
AKB48(AKBグループ)の名前一覧,吉野未優,よしの みゆ(大分県)
AKB48(AKBグループ)の名前一覧,谷口もか,やぐち もか(宮崎県)
AKB48(AKBグループ)の名前一覧,宮里莉羅,みやざと りら(沖縄県)
ジャニーズグループの名前一覧,田原俊彦,たはら としひこ
ジャニーズグループの名前一覧,近藤真彦,こんどう まさひこ
ジャニーズグループの名前一覧,野村義男,のむら よしお
ジャニーズグループの名前一覧,本木雅弘,もとき まさひろ
ジャニーズグループの名前一覧,薬丸裕英,やくまる ひろひで
ジャニーズグループの名前一覧,布川敏和,ふかわ としかず
ジャニーズグループの名前一覧,東山紀之,ひがしやま のりゆき
ジャニーズグループの名前一覧,錦織一清,にしきおり かずきよ
ジャニーズグループの名前一覧,植草克秀,うえくさ かつひで
ジャニーズグループの名前一覧,諸星和己,もろほし かずみ
ジャニーズグループの名前一覧,内海光司,うちうみ こうじ
ジャニーズグループの名前一覧,大沢樹生,おおさわ みきお
ジャニーズグループの名前一覧,佐藤寛之,さとう ひろゆき
ジャニーズグループの名前一覧,山本淳一,やまもと じゅんいち
ジャニーズグループの名前一覧,佐藤敦啓,さとう あつひろ
ジャニーズグループの名前一覧,岡本健一,おかもと けんいち
ジャニーズグループの名前一覧,前田耕陽,まえだ こうよう
ジャニーズグループの名前一覧,高橋一也,たかはし かずや
ジャニーズグループの名前一覧,成田昭次,なりた しょうじ
ジャニーズグループの名前一覧,中居正広,なかい まさひろ
ジャニーズグループの名前一覧,木村拓哉,きむら たくや
ジャニーズグループの名前一覧,稲垣吾郎,いながき ごろう
ジャニーズグループの名前一覧,草なぎ剛,くさなぎ つよし(なぎは弓+剪)
ジャニーズグループの名前一覧,香取慎吾,かとり しんご
ジャニーズグループの名前一覧,長瀬智也,ながせ ともや
ジャニーズグループの名前一覧,松岡昌宏,まつおか まさひろ
ジャニーズグループの名前一覧,山口達也,やまぐち たつや
ジャニーズグループの名前一覧,国分太一,こくぶん たいち
ジャニーズグループの名前一覧,岡田准一,おかだ じゅんいち
ジャニーズグループの名前一覧,坂本昌行,さかもと まさゆき
ジャニーズグループの名前一覧,堂本光一,どうもと こういち
ジャニーズグループの名前一覧,相葉雅紀,あいば まさき
ジャニーズグループの名前一覧,二宮和也,にのみや かずなり
ジャニーズグループの名前一覧,滝沢秀明,たきざわ ひであき
ジャニーズグループの名前一覧,手越祐也,てごし ゆうや
ジャニーズグループの名前一覧,増田貴久,ますだ たかひさ
ジャニーズグループの名前一覧,山下智久,やました ともひさ
ジャニーズグループの名前一覧,村上信五,むらかみ しんご
ジャニーズグループの名前一覧,丸山隆平,まるやま りゅうへい
ジャニーズグループの名前一覧,安田章大,やすだ しょうた
ジャニーズグループの名前一覧,大倉忠義,おおくら ただよし
ジャニーズグループの名前一覧,亀梨和也,かめなし かずや
ジャニーズグループの名前一覧,上田竜也,うえだ たつや
ジャニーズグループの名前一覧,中丸雄一,なかまる ゆういち
ジャニーズグループの名前一覧,山田涼介,やまだ りょうすけ
ジャニーズグループの名前一覧,中島裕翔,なかじま ゆうと
ジャニーズグループの名前一覧,知念侑李,ちねん ゆうり
ジャニーズグループの名前一覧,高木雄也,たかき ゆうや
ジャニーズグループの名前一覧,伊野尾慧,いのお けい
ジャニーズグループの名前一覧,八乙女光,やおとめ ひかる
ジャニーズグループの名前一覧,有岡大貴,ありおか だいき
ジャニーズグループの名前一覧,岡本圭人,おかもと けいと
ジャニーズグループの名前一覧,玉森裕太,たまもり ゆうた
ジャニーズグループの名前一覧,北山宏光,きたやま ひろみつ
ジャニーズグループの名前一覧,宮田俊哉,みやた としや
ジャニーズグループの名前一覧,千賀健永,せんが けんと
ジャニーズグループの名前一覧,佐藤勝利,さとう しょうり
ジャニーズグループの名前一覧,中島健人,なかじま けんと
ジャニーズグループの名前一覧,菊池風磨,きくち ふうま
ジャニーズグループの名前一覧,橋本良亮,はしもと りょうすけ
ジャニーズグループの名前一覧,戸塚祥太,とつか しょうた
ジャニーズグループの名前一覧,河合郁人,かわい ふみと
ジャニーズグループの名前一覧,五関晃一,ごせき こういち
ジャニーズグループの名前一覧,塚田僚一,つかだ りょういち
ジャニーズグループの名前一覧,中間淳太,なかま じゅんた
ジャニーズグループの名前一覧,濱田崇裕,はまだ たかひろ
ジャニーズグループの名前一覧,桐山照史,きりやま あきと
ジャニーズグループの名前一覧,重岡大毅,しげおか だいき
ジャニーズグループの名前一覧,神山智洋,かみやま ともひろ
ジャニーズグループの名前一覧,藤井流星,ふじい りゅうせい
ジャニーズグループの名前一覧,平野紫耀,ひらの しょう
ジャニーズグループの名前一覧,高橋海人,たかはし かいと
ジャニーズグループの名前一覧,岩橋玄樹,いわはし げんき
ジャニーズグループの名前一覧,生田斗真,いくた とうま
ジャニーズグループの名前一覧,中山優馬,なかやま ゆうま
ジャニーズグループの名前一覧,風間俊介,かざま しゅんすけ
少年漫画に登場する人物の名前一覧,上杉達也,うえすぎ たつや
少年漫画に登場する人物の名前一覧,上杉和也,うえすぎ かずや
少年漫画に登場する人物の名前一覧,新田明男,にった あきお
少年漫画に登場する人物の名前一覧,新田由加,にった ゆか
少年漫画に登場する人物の名前一覧,原田正平,はらだ しょうへい
少年漫画に登場する人物の名前一覧,九能帯刀,くのう たてわき
少年漫画に登場する人物の名前一覧,五寸釘光,ごすんくぎ ひかる
少年漫画に登場する人物の名前一覧,五代裕作,ごだい ゆうさく
少年漫画に登場する人物の名前一覧,音無響子,おとなし きょうこ
少年漫画に登場する人物の名前一覧,五代春香,ごだい はるか
少年漫画に登場する人物の名前一覧,二階堂望,にかいどう のぞみ
少年漫画に登場する人物の名前一覧,高嶺竜児,たかね りゅうじ
少年漫画に登場する人物の名前一覧,香取石松,かとり いしまつ
少年漫画に登場する人物の名前一覧,河井武士,かわい たけし
少年漫画に登場する人物の名前一覧,若林源三,わかばやし げんぞう
少年漫画に登場する人物の名前一覧,若島津健,わかしまづ けん
少年漫画に登場する人物の名前一覧,桜木花道,さくらぎ はなみち
少年漫画に登場する人物の名前一覧,赤木剛憲,あかぎ たけのり
少年漫画に登場する人物の名前一覧,木暮公延,こぐれ きみのぶ
少年漫画に登場する人物の名前一覧,清田信長,きよた のぶなが
少年漫画に登場する人物の名前一覧,藤真健司,ふじま けんじ
少年漫画に登場する人物の名前一覧,深津一成,ふかつ かずなり
少年漫画に登場する人物の名前一覧,河田雅史,かわた まさし
少年漫画に登場する人物の名前一覧,沢北栄治,さわきた えいじ
少年漫画に登場する人物の名前一覧,安西光義,あんざい みつよし
少年漫画に登場する人物の名前一覧,赤木晴子,あかぎ はるこ
少年漫画に登場する人物の名前一覧,春日恭介,かすが きょうすけ
少年漫画に登場する人物の名前一覧,田仲俊彦,たなか としひこ
少年漫画に登場する人物の名前一覧,平松和広,ひらまつ かずひろ
少年漫画に登場する人物の名前一覧,白石健二,しらいし けんじ
少年漫画に登場する人物の名前一覧,久保嘉晴,くぼ よしはる
少年漫画に登場する人物の名前一覧,神谷篤司,かみや あつし
少年漫画に登場する人物の名前一覧,加納隆次,かのう りゅうじ
少年漫画に登場する人物の名前一覧,福山優吾,ふくやま ゆうご
少年漫画に登場する人物の名前一覧,沢村俊介,さわむら しゅんすけ
少年漫画に登場する人物の名前一覧,山田太郎,やまだ たろう
少年漫画に登場する人物の名前一覧,岩鬼正美,いわき まさみ
少年漫画に登場する人物の名前一覧,殿馬一人,とのま かずと
少年漫画に登場する人物の名前一覧,土井垣将,どいがき しょう
少年漫画に登場する人物の名前一覧,不知火守,しらぬい まもる
少年漫画に登場する人物の名前一覧,土門剛介,どもん ごうすけ
少年漫画に登場する人物の名前一覧,谷津吾朗,たにつ ごろう
少年漫画に登場する人物の名前一覧,小林真司,こばやし しんじ
少年漫画に登場する人物の名前一覧,宮田一郎,みやた いちろう
少年漫画に登場する人物の名前一覧,千堂武士,せんどう たけし
少年漫画に登場する人物の名前一覧,伊達英二,だて えいじ
少年漫画に登場する人物の名前一覧,鴨川源二,かもがわ げんじ
少年漫画に登場する人物の名前一覧,木村達也,きむら たつや
少年漫画に登場する人物の名前一覧,山田直道,やまだ なおみち
少年漫画に登場する人物の名前一覧,間柴久美,ましば くみ
少年漫画に登場する人物の名前一覧,星野鉄郎,ほしの てつろう
少年漫画に登場する人物の名前一覧,伊藤歩惟,いとう あい
少年漫画に登場する人物の名前一覧,三橋貴志,みつはし たかし
少年漫画に登場する人物の名前一覧,伊藤真司,いとう しんじ
少年漫画に登場する人物の名前一覧,赤坂理子,あかさか りこ
少年漫画に登場する人物の名前一覧,早川京子,はやかわ きょうこ
少年漫画に登場する人物の名前一覧,今井勝俊,いまい かつとし
少年漫画に登場する人物の名前一覧,谷川安夫,たにがわ やすお
少年漫画に登場する人物の名前一覧,工藤新一,くどう しんいち
少年漫画に登場する人物の名前一覧,服部平次,はっとり へいじ
少年漫画に登場する人物の名前一覧,吉田歩美,よしだ あゆみ
少年漫画に登場する人物の名前一覧,円谷光彦,つぶらや みつひこ
少年漫画に登場する人物の名前一覧,小嶋元太,こじま げんた
少年漫画に登場する人物の名前一覧,鈴木園子,すずき そのこ
少年漫画に登場する人物の名前一覧,目暮十三,めぐれ じゅうぞう
少年漫画に登場する人物の名前一覧,遠山和葉,とおやま かずは
少年漫画に登場する人物の名前一覧,阿笠博士,あがさ ひろし
少年漫画に登場する人物の名前一覧,青葉春助,あおば しゅんすけ
少年漫画に登場する人物の名前一覧,朝丘夏美,あさおか なつみ
少年漫画に登場する人物の名前一覧,神崎純香,かんざき じゅんか
女優の名前一覧,芦田愛菜,あしだ まな
女優の名前一覧,本田望結,ほんだ みゆ
女優の名前一覧,小林星蘭,こばやし せいらん
女優の名前一覧,八木優希,やぎ ゆうき
女優の名前一覧,春名風花,はるな ふうか
女優の名前一覧,能年玲奈,のうねん れな
女優の名前一覧,成海璃子,なるみ りこ
女優の名前一覧,川島海荷,かわしま うみか
女優の名前一覧,北乃きい,きたの きい
女優の名前一覧,志田未来,しだ みらい
女優の名前一覧,吉岡里帆,よしおか りほ
女優の名前一覧,広瀬すず,ひろせ すず
女優の名前一覧,永野芽郁,ながの めい
女優の名前一覧,土屋太鳳,つちや たお
女優の名前一覧,谷村美月,たにむら みつき
女優の名前一覧,忽那汐里,くつな しおり
女優の名前一覧,剛力彩芽,ごうりき あやめ
女優の名前一覧,川口春奈,かわぐち はるな
女優の名前一覧,小島藤子,こじま ふじこ
女優の名前一覧,南沢奈央,みなみさわ なお
女優の名前一覧,福田沙紀,ふくだ さき
女優の名前一覧,有村架純,ありむら かすみ
女優の名前一覧,足立梨花,あだち りか
女優の名前一覧,瀧本美織,たきもと みおり
女優の名前一覧,美山加恋,みやま かれん
女優の名前一覧,森迫永依,もりさこ えい
女優の名前一覧,大原櫻子,おおはら さくらこ
女優の名前一覧,小松菜奈,こまつ なな
女優の名前一覧,高畑充希,たかはた みつき
女優の名前一覧,松岡茉優,まつおか まゆ
女優の名前一覧,深田恭子,ふかだ きょうこ
女優の名前一覧,堀北真希,ほりきた まき
女優の名前一覧,相武紗季,あいぶ さき
女優の名前一覧,榮倉奈々,えいくら なな
女優の名前一覧,新垣結衣,あらがき ゆい
女優の名前一覧,上野樹里,うえの じゅり
女優の名前一覧,仲里依紗,なか りいさ
女優の名前一覧,北川景子,きたがわ けいこ
女優の名前一覧,井上真央,いのうえ まお
女優の名前一覧,吹石一恵,ふきいし かづえ
女優の名前一覧,比嘉愛未,ひが まなみ
女優の名前一覧,広末涼子,ひろすえ りょうこ
女優の名前一覧,加藤あい,かとう あい
女優の名前一覧,松下奈緒,まつした なお
女優の名前一覧,倉科カナ,くらしな かな
女優の名前一覧,滝沢沙織,たきざわ さおり
女優の名前一覧,宮地真緒,みやじ まお
女優の名前一覧,池脇千鶴,いけわき ちづる
女優の名前一覧,市川由衣,いちかわ ゆい
女優の名前一覧,田畑智子,たばた ともこ
女優の名前一覧,桐谷美玲,きりたに みれい
女優の名前一覧,栗山千明,くりやま ちあき
女優の名前一覧,竹内結子,たけうち ゆうこ
女優の名前一覧,香椎由宇,かしい ゆう
女優の名前一覧,田中麗奈,たなか れな
女優の名前一覧,内山理名,うちやま りな
女優の名前一覧,菊地凛子,きくち りんこ
女優の名前一覧,星野真里,ほしの まり
女優の名前一覧,佐々木希,ささき のぞみ
女優の名前一覧,安達祐実,あだち ゆみ
女優の名前一覧,木村文乃,きむら ふみの
女優の名前一覧,木村多江,きむら たえ】
女優の名前一覧,国仲涼子,くになか りょうこ
女優の名前一覧,松雪泰子,まつゆき やすこ
女優の名前一覧,水野美紀,みずの みき
女優の名前一覧,常盤貴子,ときわ たかこ
女優の名前一覧,菅野美穂,かんの みほ
女優の名前一覧,内田有紀,うちだ ゆき
女優の名前一覧,篠原涼子,しのはら りょうこ
女優の名前一覧,永作博美,ながさく ひろみ
女優の名前一覧,深津絵里,ふかつ えり
女優の名前一覧,中谷美紀,なかたに みき
女優の名前一覧,藤原紀香,ふじわら のりか
女優の名前一覧,瀬戸朝香,せと あさか
女優の名前一覧,鶴田真由,つるた まゆ
女優の名前一覧,宮沢りえ,みやざわ りえ
女優の名前一覧,釈由美子,しゃく ゆみこ
女優の名前一覧,木村佳乃,きむら よしの
女優の名前一覧,白石美帆,しらいし みほ
女優の名前一覧,坂井真紀,さかい まき
女優の名前一覧,松たか子,まつ たかこ
女優の名前一覧,中越典子,なかごし のりこ
女優の名前一覧,西田尚美,にしだ なおみ
女優の名前一覧,米倉涼子,よねくら りょうこ
女優の名前一覧,戸田菜穂,とだ なほ
女優の名前一覧,牧瀬里穂,まきせ りほ
女優の名前一覧,高島礼子,たかしま れいこ
女優の名前一覧,天海祐希,あまみ ゆうき
女優の名前一覧,夏川結衣,なつかわ ゆい
女優の名前一覧,原田知世,はらだ ともよ
女優の名前一覧,真矢みき,まや みき
女優の名前一覧,松下由樹,まつした ゆき
女優の名前一覧,山口智子,やまぐち ともこ
女優の名前一覧,小林聡美,こばやし さとみ
女優の名前一覧,鈴木杏樹,すずき あんじゅ
女優の名前一覧,斉藤由貴,さいとう ゆき
女優の名前一覧,大塚寧々,おおつか ねね
女優の名前一覧,鈴木京香,すずき きょうか
女優の名前一覧,富田靖子,とみた やすこ
女優の名前一覧,飯島直子,いいじま なおこ
女優の名前一覧,有森也実,ありもり なりみ
女優の名前一覧,安田成美,やすだ なるみ
女優の名前一覧,沢口靖子,さわぐち やすこ
女優の名前一覧,手塚理美,てづか さとみ
女優の名前一覧,夏目雅子,なつめ まさこ
女優の名前一覧,松坂慶子,まつざか けいこ
女優の名前一覧,田中裕子,たなか ゆうこ
女優の名前一覧,竹下景子,たけした けいこ
女優の名前一覧,阿木燿子,あき ようこ
女優の名前一覧,岩下志麻,いわした しま
女優の名前一覧,中村玉緒,なかむらたまお
女優の名前一覧,野際陽子,のぎわ ようこ
女優の名前一覧,八千草薫,やちぐさ かおる
俳優の名前一覧,濱田龍臣,はまだ たつおみ
俳優の名前一覧,福士蒼汰,ふくし そうた
俳優の名前一覧,三浦春馬,みうら はるま
俳優の名前一覧,本郷奏多,ほんごう かなた
俳優の名前一覧,染谷将太,そめたに しょうた
俳優の名前一覧,池松壮亮,いけまつ そうすけ
俳優の名前一覧,柳楽優弥,やぎら ゆうや
俳優の名前一覧,須賀健太,すが けんた
俳優の名前一覧,山崎賢人,やまざき けんと
俳優の名前一覧,中川大志,なかがわ たいし
俳優の名前一覧,山田孝之,やまだ たかゆき
俳優の名前一覧,市原隼人,いちはら はやと
俳優の名前一覧,玉山鉄二,たまやま てつじ
俳優の名前一覧,藤原竜也,ふじわら たつや
俳優の名前一覧,大東駿介,だいとう しゅんすけ
俳優の名前一覧,山本裕典,やまもと ゆうすけ
俳優の名前一覧,三浦翔平,みうら しょうへい
俳優の名前一覧,水嶋ヒロ,みずしま ひろ
俳優の名前一覧,溝端淳平,みぞばた じゅんぺい
俳優の名前一覧,松坂桃李,まつざか とおり
俳優の名前一覧,岡田将生,おかだ まさき
俳優の名前一覧,松田龍平,まつだ りゅうへい
俳優の名前一覧,松田翔太,まつだ しょうた
俳優の名前一覧,佐藤隆太,さとう りゅうた
俳優の名前一覧,塚本高史,つかもと たかし
俳優の名前一覧,成宮寛貴,なりみや ひろき
俳優の名前一覧,妻夫木聡,つまぶき さとし
俳優の名前一覧,小出恵介,こいで けいすけ
俳優の名前一覧,窪田正孝,くぼた まさたか
俳優の名前一覧,中尾明慶,なかお あきよし
俳優の名前一覧,高岡奏輔,たかおか そうすけ
俳優の名前一覧,高良健吾,こうら けんご
俳優の名前一覧,森山未來,もりやま みらい
俳優の名前一覧,桐谷健太,きりたに けんた
俳優の名前一覧,忍成修吾,おしなり しゅうご
俳優の名前一覧,伊藤淳史,いとう あつし
俳優の名前一覧,平岡祐太,ひらおか ゆうた
俳優の名前一覧,瀬戸康史,せと こうじ
俳優の名前一覧,鈴木亮平,すずき りょうへい
俳優の名前一覧,浅利陽介,あさり ようすけ
俳優の名前一覧,千葉雄大,ちば ゆうだい
俳優の名前一覧,青木崇高,あおき むねたか
俳優の名前一覧,西島秀俊,にしじま ひでとし
俳優の名前一覧,浅野忠信,あさの ただのぶ
俳優の名前一覧,竹野内豊,たけのうち ゆたか
俳優の名前一覧,反町隆史,そりまち たかし
俳優の名前一覧,谷原章介,たにはら しょうすけ
俳優の名前一覧,坂口憲二,さかぐち けんじ
俳優の名前一覧,伊藤英明,いとう ひであき
俳優の名前一覧,岡田義徳,おかだ よしのり
俳優の名前一覧,小澤征悦,おざわ ゆきよし
俳優の名前一覧,吉岡秀隆,よしおか ひでたか
俳優の名前一覧,藤木直人,ふじき なおひと
俳優の名前一覧,山本耕史,やまもと こうじ
俳優の名前一覧,大森南朋,おおもり なお
俳優の名前一覧,筒井道隆,つつい みちたか
俳優の名前一覧,真田広之,さなだ ひろゆき
俳優の名前一覧,唐沢寿明,からさわ としあき
俳優の名前一覧,江口洋介,えぐち ようすけ
俳優の名前一覧,織田裕二,おだ ゆうじ
俳優の名前一覧,香川照之,かがわ てるゆき
俳優の名前一覧,緒形直人,おがた なおと
俳優の名前一覧,北村一輝,きたむら かずき
俳優の名前一覧,遠藤憲一,えんどう けんいち
俳優の名前一覧,中井貴一,なかい きいち
俳優の名前一覧,佐藤浩市,さとう こういち
俳優の名前一覧,加藤雅也,かとう まさや
俳優の名前一覧,内野聖陽,うちの まさあき
俳優の名前一覧,永瀬正敏,ながせ まさとし
俳優の名前一覧,古田新太,ふるた あらた
俳優の名前一覧,杉本哲太,すぎもと てった
俳優の名前一覧,沢村一樹,さわむら いっき
俳優の名前一覧,上川隆也,かみかわ たかや
俳優の名前一覧,椎名桔平,しいな きっぺい
俳優の名前一覧,渡部篤郎,わたべ あつろう
俳優の名前一覧,柳葉敏郎,やなぎば としろう
俳優の名前一覧,豊川悦司,とよかわ えつし
俳優の名前一覧,高橋克典,たかはし かつのり
俳優の名前一覧,豊原功補,とよはら こうすけ
俳優の名前一覧,西村雅彦,にしむら まさひこ
俳優の名前一覧,及川光博,おいかわ みつひろ
俳優の名前一覧,田辺誠一,たなべ せいいち
俳優の名前一覧,鶴見辰吾,つるみ しんご
俳優の名前一覧,岸谷五朗,きしたに ごろう
俳優の名前一覧,伊原剛志,いはら つよし
俳優の名前一覧,役所広司,やくしょ こうじ
俳優の名前一覧,三浦友和,みうら ともかず
俳優の名前一覧,草刈正雄,くさかり まさお
俳優の名前一覧,柴田恭兵,しばた きょうへい
俳優の名前一覧,陣内孝則,じんない たかのり
俳優の名前一覧,奥田瑛二,おくだ えいじ
俳優の名前一覧,舘ひろし,たち ひろし
俳優の名前一覧,神田正輝,かんだ まさき
俳優の名前一覧,鹿賀丈史,かが たけし
俳優の名前一覧,石田純一,いしだ じゅんいち
俳優の名前一覧,松田優作,まつだ ゆうさく
俳優の名前一覧,市村正親,いちむら まさちか
俳優の名前一覧,田村正和,たむら まさかず
俳優の名前一覧,津川雅彦,つがわ まさひこ
俳優の名前一覧,西田敏行,にしだ としゆき
俳優の名前一覧,松方弘樹,まつかた ひろき
俳優の名前一覧,風間杜夫,かざま もりお
俳優の名前一覧,武田鉄矢,たけだ てつや
俳優の名前一覧,笹野高史,ささの たかし
俳優の名前一覧,古谷一行,ふるや いっこう
俳優の名前一覧,高橋英樹,たかはし ひでき
俳優の名前一覧,長塚京三,ながつか きょうぞう
俳優の名前一覧,蟹江敬三,かにえ けいぞう
俳優の名前一覧,杉良太郎,すぎ りょうたろう
俳優の名前一覧,小林稔侍,こばやし ねんじ
俳優の名前一覧,千葉真一,ちば しんいち
俳優の名前一覧,菅原文太,すがわら ぶんた
俳優の名前一覧,梅宮辰夫,うめみや たつお
俳優の名前一覧,加山雄三,かやま ゆうぞう
俳優の名前一覧,仲代達矢,なかだい たつや
俳優の名前一覧,田中邦衛,たなか くにえ
俳優の名前一覧,岡田眞澄,おかだ ますみ
俳優の名前一覧,宇津井健,うつい けん
SKE48(AKBグループ)の名前一覧,松井玲奈,まつい れな
SKE48(AKBグループ)の名前一覧,大矢真那,おおや まさな
SKE48(AKBグループ)の名前一覧,矢神久美,やがみ くみ
SKE48(AKBグループ)の名前一覧,中西優香,なかにし ゆうか
SKE48(AKBグループ)の名前一覧,小野晴香,おの はるか
SKE48(AKBグループ)の名前一覧,高田志織,たかだ しおり
SKE48(AKBグループ)の名前一覧,佐藤聖羅,さとう せいら
SKE48(AKBグループ)の名前一覧,高柳明音,たかやなぎ あかね
SKE48(AKBグループ)の名前一覧,古川愛李,ふるかわ あいり
SKE48(AKBグループ)の名前一覧,向田茉夏,むかいだ まなつ
SKE48(AKBグループ)の名前一覧,石田安奈,いしだ あんな
SKE48(AKBグループ)の名前一覧,磯原杏華,いそはら きょうか
SKE48(AKBグループ)の名前一覧,加藤るみ,かとう るみ
SKE48(AKBグループ)の名前一覧,山田澪花,やまだ れいか
SKE48(AKBグループ)の名前一覧,加藤智子,かとう ともこ
SKE48(AKBグループ)の名前一覧,間野春香,まの はるか
SKE48(AKBグループ)の名前一覧,若林倫香,わかばやし ともか
SKE48(AKBグループ)の名前一覧,松本梨奈,まつもと りな
SKE48(AKBグループ)の名前一覧,井口栞里,いぐち しおり
SKE48(AKBグループ)の名前一覧,秦佐和子,はた さわこ
SKE48(AKBグループ)の名前一覧,松村香織,まつむら かおり
SKE48(AKBグループ)の名前一覧,矢方美紀,やかた みき
SKE48(AKBグループ)の名前一覧,上野圭澄,うえの かすみ
SKE48(AKBグループ)の名前一覧,木本花音,きもと かのん
SKE48(AKBグループ)の名前一覧,柴田阿弥,しばた あや
SKE48(AKBグループ)の名前一覧,都築里佳,つづき りか
SKE48(AKBグループ)の名前一覧,酒井萌衣,さかい めい
SKE48(AKBグループ)の名前一覧,小林亜実,こばやし あみ
SKE48(AKBグループ)の名前一覧,中村優花,なかむら ゆうか
SKE48(AKBグループ)の名前一覧,原望奈美,はら みなみ
SKE48(AKBグループ)の名前一覧,古畑奈和,ふるはた なお
SKE48(AKBグループ)の名前一覧,菅なな子,すが ななこ
SKE48(AKBグループ)の名前一覧,二村春香,ふたむら はるか
SKE48(AKBグループ)の名前一覧,宮前杏実,みやまえ あみ
SKE48(AKBグループ)の名前一覧,江籠裕奈,えご ゆうな
SKE48(AKBグループ)の名前一覧,市野成美,いちの なるみ
SKE48(AKBグループ)の名前一覧,岩永亞美,いわなが つぐみ
SKE48(AKBグループ)の名前一覧,荻野利沙,おぎの りさ
SKE48(AKBグループ)の名前一覧,大脇有紗,おおわき ありさ
SKE48(AKBグループ)の名前一覧,藤本美月,ふじもと みつき
SKE48(AKBグループ)の名前一覧,日置実希,ひおき みき
SKE48(AKBグループ)の名前一覧,北川綾巴,きたがわ りょうは
SKE48(AKBグループ)の名前一覧,熊崎晴香,くまざき はるか
SKE48(AKBグループ)の名前一覧,北野瑠華,きたの るか
SKE48(AKBグループ)の名前一覧,山田樹奈,やまだ じゅな
SKE48(AKBグループ)の名前一覧,日高優月,ひだか ゆづき
SKE48(AKBグループ)の名前一覧,青木詩織,あおき しおり
SKE48(AKBグループ)の名前一覧,鎌田菜月,かまた なつき
SKE48(AKBグループ)の名前一覧,竹内彩姫,たけうち さき
SKE48(AKBグループ)の名前一覧,野口由芽,のぐち ゆめ
SKE48(AKBグループ)の名前一覧,空美夕日,そら みゆか
SKE48(AKBグループ)の名前一覧,宮脇理子,みやわき りこ
SKE48(AKBグループ)の名前一覧,北原侑奈,きたはら ゆうな
SKE48(AKBグループ)の名前一覧,矢野杏月,やの あづき
SKE48(AKBグループ)の名前一覧,山本由香,やまもと ゆか
SKE48(AKBグループ)の名前一覧,折戸愛彩,おりと あいさ
SKE48(AKBグループ)の名前一覧,相川暖花,あいかわ ほのか
SKE48(AKBグループ)の名前一覧,浅井裕華,あさい ゆうか
SKE48(AKBグループ)の名前一覧,太田彩夏,おおた あやか
SKE48(AKBグループ)の名前一覧,小畑優奈,おばた ゆな
SKE48(AKBグループ)の名前一覧,片岡成美,かたおか なるみ
SKE48(AKBグループ)の名前一覧,川崎成美,かわさき なるみ
SKE48(AKBグループ)の名前一覧,後藤楽々,ごとう らら
SKE48(AKBグループ)の名前一覧,末永桜花,すえなが おうか
SKE48(AKBグループ)の名前一覧,杉山愛佳,すぎやま あいか
SKE48(AKBグループ)の名前一覧,高畑結希,たかはた ゆうき
SKE48(AKBグループ)の名前一覧,辻のぞみ,つじ のぞみ
SKE48(AKBグループ)の名前一覧,野島樺乃,のじま かの
SKE48(AKBグループ)の名前一覧,村井純奈,むらい じゅんな
SKE48(AKBグループ)の名前一覧,和田愛菜,わだ あいな
SKE48(AKBグループ)の名前一覧,渥美彩羽,あつみ あやは
SKE48(AKBグループ)の名前一覧,石川咲姫,いしかわ さき
SKE48(AKBグループ)の名前一覧,石黒友月,いしぐろ ゆづき
SKE48(AKBグループ)の名前一覧,井上瑠夏,いのうえ るか
SKE48(AKBグループ)の名前一覧,北川愛乃,きたがわ よしの
SKE48(AKBグループ)の名前一覧,倉島杏実,くらしま あみ
SKE48(AKBグループ)の名前一覧,小林佳乃,こばやし かの
SKE48(AKBグループ)の名前一覧,坂本真凛,さかもと まりん
SKE48(AKBグループ)の名前一覧,佐藤佳穂,さとう かほ
SKE48(AKBグループ)の名前一覧,白雪希明,しらゆき こはく
SKE48(AKBグループ)の名前一覧,仲村和泉,なかむら いずみ
SKE48(AKBグループ)の名前一覧,野村実代,のむら みよ
SKE48(AKBグループ)の名前一覧,森平莉子,もりひら りこ
SKE48(AKBグループ)の名前一覧,岡田美紅,おかだ みく
SKE48(AKBグループ)の名前一覧,川合杏奈,かわい あんな
SKE48(AKBグループ)の名前一覧,松本慈子,まつもと ちかこ
SKE48(AKBグループ)の名前一覧,荒井優希,あらい ゆき
SKE48(AKBグループ)の名前一覧,神門沙樹,ごうど さき
SKE48(AKBグループ)の名前一覧,高塚夏生,たかつか なつき
SKE48(AKBグループ)の名前一覧,高寺沙菜,たかてら さな
SKE48(AKBグループ)の名前一覧,福士奈央,ふくし なお
SKE48(AKBグループ)の名前一覧,一色嶺奈,いっしき れな
SKE48(AKBグループ)の名前一覧,白井琴望,しらい ことの
SKE48(AKBグループ)の名前一覧,菅原茉椰,すがわら まや
SKE48(AKBグループ)の名前一覧,水野愛理,みずの あいり
NMB48(AKBグループ)の名前一覧,吉田朱里,よしだ あかり
NMB48(AKBグループ)の名前一覧,小谷里歩,こたに りほ
NMB48(AKBグループ)の名前一覧,岸野里香,きしの りか
NMB48(AKBグループ)の名前一覧,山口夕輝,やまぐち ゆうき
NMB48(AKBグループ)の名前一覧,沖田彩華,おきた あやか
NMB48(AKBグループ)の名前一覧,川上礼奈,かわかみ れな
NMB48(AKBグループ)の名前一覧,木下百花,きのした ももか
NMB48(AKBグループ)の名前一覧,近藤里奈,こんどう りな
NMB48(AKBグループ)の名前一覧,白間美瑠,しろま みる
NMB48(AKBグループ)の名前一覧,木下春奈,きのした はるな
NMB48(AKBグループ)の名前一覧,山田菜々,やまだ なな
NMB48(AKBグループ)の名前一覧,肥川彩愛,ひかわ あやめ
NMB48(AKBグループ)の名前一覧,篠原栞那,しのはら かんな
NMB48(AKBグループ)の名前一覧,福本愛菜,ふくもと あいな
NMB48(AKBグループ)の名前一覧,小柳有沙,こやなぎ ありさ
NMB48(AKBグループ)の名前一覧,矢倉楓子,やぐら ふうこ
NMB48(AKBグループ)の名前一覧,城恵理子,じょう えりこ
NMB48(AKBグループ)の名前一覧,古賀成美,こが なるみ
NMB48(AKBグループ)の名前一覧,高野祐衣,たかの ゆい
NMB48(AKBグループ)の名前一覧,谷川愛梨,たにがわ あいり
NMB48(AKBグループ)の名前一覧,三田麻央,みた まお
NMB48(AKBグループ)の名前一覧,村上文香,むらかみ あやか
NMB48(AKBグループ)の名前一覧,村瀬紗英,むらせ さえ
NMB48(AKBグループ)の名前一覧,林萌々香,はやし ももか
NMB48(AKBグループ)の名前一覧,石田優美,いしだ ゆうみ
NMB48(AKBグループ)の名前一覧,藤田留奈,ふじた るな
NMB48(AKBグループ)の名前一覧,島田玲奈,しまだ れな
NMB48(AKBグループ)の名前一覧,室加奈子,むろ かなこ
NMB48(AKBグループ)の名前一覧,太田夢莉,おおた ゆう
NMB48(AKBグループ)の名前一覧,加藤夕夏,かとう ゆうか
NMB48(AKBグループ)の名前一覧,河野早紀,こうの さき
NMB48(AKBグループ)の名前一覧,石塚朱莉,いしづか あかり
NMB48(AKBグループ)の名前一覧,久代梨奈,くしろ りな
NMB48(AKBグループ)の名前一覧,井尻晏菜,いじり あんな
NMB48(AKBグループ)の名前一覧,植田碧麗,うえだ みれい
NMB48(AKBグループ)の名前一覧,黒川葉月,くろかわ はづき
NMB48(AKBグループ)の名前一覧,高山梨子,たかやま りこ
NMB48(AKBグループ)の名前一覧,梅原真子,うめはら まこ
NMB48(AKBグループ)の名前一覧,赤澤萌乃,あかざわ ほの
NMB48(AKBグループ)の名前一覧,渋谷凪咲,しぶや なぎさ
NMB48(AKBグループ)の名前一覧,西村愛華,にしむら あいか
NMB48(AKBグループ)の名前一覧,川上千尋,かわかみ ちひろ
NMB48(AKBグループ)の名前一覧,大段舞依,おおだん まい
NMB48(AKBグループ)の名前一覧,中野麗来,なかの れいな
NMB48(AKBグループ)の名前一覧,松岡知穂,まつおか ちほ
NMB48(AKBグループ)の名前一覧,森田彩花,もりた あやか
NMB48(AKBグループ)の名前一覧,山尾梨奈,やまお りな
NMB48(AKBグループ)の名前一覧,武井紗良,たけい さら
NMB48(AKBグループ)の名前一覧,磯佳奈江,いそ かなえ
NMB48(AKBグループ)の名前一覧,本郷柚巴,ほんごう ゆずは
NMB48(AKBグループ)の名前一覧,西仲七海,にしなか ななみ
NMB48(AKBグループ)の名前一覧,柴田優衣,しばた ゆい
NMB48(AKBグループ)の名前一覧,村中有基,むらなか ゆき
NMB48(AKBグループ)の名前一覧,安田桃寧,やすだ ももね
HKT48(AKBグループ)の名前一覧,宮脇咲良,みやわき さくら
HKT48(AKBグループ)の名前一覧,村重杏奈,むらしげ あんな
HKT48(AKBグループ)の名前一覧,穴井千尋,あない ちひろ
HKT48(AKBグループ)の名前一覧,松岡菜摘,まつおか なつみ
HKT48(AKBグループ)の名前一覧,若田部遥,わかたべ はるか
HKT48(AKBグループ)の名前一覧,今田美奈,いまだ みな
HKT48(AKBグループ)の名前一覧,植木南央,うえき なお
HKT48(AKBグループ)の名前一覧,下野由貴,しもの ゆき
HKT48(AKBグループ)の名前一覧,深川舞子,ふかがわ まいこ
HKT48(AKBグループ)の名前一覧,本村碧唯,もとむら あおい
HKT48(AKBグループ)の名前一覧,古森結衣,こもり ゆい
HKT48(AKBグループ)の名前一覧,菅本裕子,すがもと ゆうこ
HKT48(AKBグループ)の名前一覧,谷口愛理,たにぐち あいり
HKT48(AKBグループ)の名前一覧,田島芽瑠,たしま める
HKT48(AKBグループ)の名前一覧,朝長美桜,ともなが みお
HKT48(AKBグループ)の名前一覧,谷真理佳,たに まりか
HKT48(AKBグループ)の名前一覧,秋吉優花,あきよし ゆか
HKT48(AKBグループ)の名前一覧,宇井真白,うい ましろ
HKT48(AKBグループ)の名前一覧,岡本尚子,おかもと なおこ
HKT48(AKBグループ)の名前一覧,駒田京伽,こまだ ひろか
HKT48(AKBグループ)の名前一覧,坂口理子,さかぐち りこ
HKT48(AKBグループ)の名前一覧,伊藤来笑,いとう らいら
HKT48(AKBグループ)の名前一覧,岩花詩乃,いわはな しの
HKT48(AKBグループ)の名前一覧,岡田栞奈,おかだ かんな
HKT48(AKBグループ)の名前一覧,田中優香,たなか ゆうか
HKT48(AKBグループ)の名前一覧,田中美久,たなか みく
HKT48(AKBグループ)の名前一覧,矢吹奈子,やぶき なこ
HKT48(AKBグループ)の名前一覧,荒巻美咲,あらまき みさき
HKT48(AKBグループ)の名前一覧,栗原紗英,くりはら さえ
HKT48(AKBグループ)の名前一覧,筒井莉子,つつい りこ
HKT48(AKBグループ)の名前一覧,外薗葉月,ほかぞの はづき
HKT48(AKBグループ)の名前一覧,山内祐奈,やまうち ゆうな
HKT48(AKBグループ)の名前一覧,運上弘菜,うんじょう ひろな
HKT48(AKBグループ)の名前一覧,小田彩加,おだ あやか
HKT48(AKBグループ)の名前一覧,音嶋莉沙,おとしま りさ
HKT48(AKBグループ)の名前一覧,清水梨央,しみず りお
HKT48(AKBグループ)の名前一覧,武田智加,たけだ ともか
HKT48(AKBグループ)の名前一覧,月足天音,つきあし あまね
HKT48(AKBグループ)の名前一覧,豊永阿紀,とよなが あき
HKT48(AKBグループ)の名前一覧,松本日向,まつもと ひなた
HKT48(AKBグループ)の名前一覧,宮崎想乃,みやざき その
HKT48(AKBグループ)の名前一覧,山本茉央,やまもと まお
HKT48(AKBグループ)の名前一覧,松岡はな,まつおか はな
HKT48(AKBグループ)の名前一覧,村川緋杏,むらかわ びびあん
乃木坂46の名前一覧,生駒里奈,いこま りな
乃木坂46の名前一覧,西野七瀬,にしの ななせ
乃木坂46の名前一覧,白石麻衣,しらいし まい
乃木坂46の名前一覧,秋元真夏,あきもと まなつ
乃木坂46の名前一覧,衛藤美彩,えとう みさ
乃木坂46の名前一覧,深川麻衣,ふかがわ まい
乃木坂46の名前一覧,若月佑美,わかつき ゆみ
乃木坂46の名前一覧,桜井玲香,さくらい れいか
乃木坂46の名前一覧,市來玲奈,いちき れな
乃木坂46の名前一覧,伊藤寧々,いとう ねね
乃木坂46の名前一覧,川後陽菜,かわご ひな
乃木坂46の名前一覧,川村真洋,かわむら まひろ
乃木坂46の名前一覧,齋藤飛鳥,さいとう あすか
乃木坂46の名前一覧,斉藤優里,さいとう ゆうり
乃木坂46の名前一覧,高山一実,たかやま かずみ
乃木坂46の名前一覧,永島聖羅,ながしま せいら
乃木坂46の名前一覧,中田花奈,なかだ かな
乃木坂46の名前一覧,能條愛未,のうじょう あみ
乃木坂46の名前一覧,畠中清羅,はたなか せいら
乃木坂46の名前一覧,樋口日奈,ひぐち ひな
乃木坂46の名前一覧,大和里菜,やまと りな
乃木坂46の名前一覧,安藤美雲,あんどう みくも
乃木坂46の名前一覧,宮澤成良,みやざわ せいら
乃木坂46の名前一覧,堀未央奈,ほり みおな
乃木坂46の名前一覧,新内眞衣,しんうち まい
乃木坂46の名前一覧,伊藤純奈,いとう じゅんな
乃木坂46の名前一覧,鈴木絢音,すずき あやね
乃木坂46の名前一覧,寺田蘭世,てらだ らんぜ
乃木坂46の名前一覧,山崎怜奈,やまざき れな
乃木坂46の名前一覧,米徳京花,よねとく きょうか
乃木坂46の名前一覧,西川七海,にしかわ ななみ
乃木坂46の名前一覧,大園桃子,おおぞの ももこ
乃木坂46の名前一覧,与田祐希,よだ ゆうき
乃木坂46の名前一覧,岩本蓮加,いわもと れんか
乃木坂46の名前一覧,梅澤美波,うめざわ みなみ
乃木坂46の名前一覧,阪口珠美,さかぐち たまみ
乃木坂46の名前一覧,中村麗乃,なかむら れの
乃木坂46の名前一覧,向井葉月,むかい はづき
乃木坂46の名前一覧,山下美月,やました みづき
声優(女性)の名前一覧,寿美菜子,ことぶき みなこ
声優(女性)の名前一覧,日高里菜,ひだか りな
声優(女性)の名前一覧,大西沙織,おおにし さおり
声優(女性)の名前一覧,佐倉綾音,さくら あやね
声優(女性)の名前一覧,早見沙織,はやみ さおり
声優(女性)の名前一覧,水樹奈々,みずき なな
声優(女性)の名前一覧,新谷良子,しんたに りょうこ
声優(女性)の名前一覧,阿澄佳奈,あすみ かな
声優(女性)の名前一覧,日笠陽子,ひかさ ようこ
声優(女性)の名前一覧,花澤香菜,はなざわ かな
声優(女性)の名前一覧,竹達彩奈,たけたつ あやな
声優(女性)の名前一覧,高垣彩陽,たかがき あやひ
声優(女性)の名前一覧,茅野愛衣,かやの あい
声優(女性)の名前一覧,豊崎愛生,とよさき あき
声優(女性)の名前一覧,福原香織,ふくはら かおり
声優(女性)の名前一覧,中原麻衣,なかはら まい
声優(女性)の名前一覧,茅原実里,ちはら みのり
声優(女性)の名前一覧,佐藤聡美,さとう さとみ
声優(女性)の名前一覧,金元寿子,かねもと ひさこ
声優(女性)の名前一覧,石川由依,いしかわ ゆい
声優(女性)の名前一覧,潘めぐみ,はん めぐみ
声優(女性)の名前一覧,本名陽子,ほんな ようこ
声優(女性)の名前一覧,堀江由衣,ほりえ ゆい
声優(女性)の名前一覧,釘宮理恵,くぎみや りえ
声優(女性)の名前一覧,田中理恵,たなか りえ
声優(女性)の名前一覧,大谷育江,おおたに いくえ
声優(女性)の名前一覧,三石琴乃,みついし ことの
声優(女性)の名前一覧,矢島晶子,やじま あきこ
声優(女性)の名前一覧,島本須美,しまもと すみ
声優(女性)の名前一覧,田中真弓,たなか まゆみ
声優(女性)の名前一覧,榊原良子,さかきばら よしこ
フィギュアスケートの選手の名前一覧,織田信成,おだ のぶなり
フィギュアスケートの選手の名前一覧,小塚崇彦,こづか たかひこ
フィギュアスケートの選手の名前一覧,羽生結弦,はにゅう ゆづる
フィギュアスケートの選手の名前一覧,宇野昌磨,うの しょうま
フィギュアスケートの選手の名前一覧,無良崇人,むら たかひと
フィギュアスケートの選手の名前一覧,本田武史,ほんだ たけし
フィギュアスケートの選手の名前一覧,浅田真央,あさだ まお
フィギュアスケートの選手の名前一覧,安藤美姫,あんどう みき
フィギュアスケートの選手の名前一覧,鈴木明子,すずき あきこ
フィギュアスケートの選手の名前一覧,宮原知子,みやはら さとこ
フィギュアスケートの選手の名前一覧,荒川静香,あらかわ しずか
フィギュアスケートの選手の名前一覧,村主章枝,すぐり ふみえ
フィギュアスケートの選手の名前一覧,澤田亜紀,さわだ あき
フィギュアスケートの選手の名前一覧,恩田美栄,おんだ よしえ
フィギュアスケートの選手の名前一覧,渡部絵美,わたなべ えみ
フィギュアスケートの選手の名前一覧,本田真凜,ほんだ まりん
EXILEグループの名前一覧,岩田剛典,いわた たかのり
EXILEグループの名前一覧,白濱亜嵐,しらはま あらん
EXILEグループの名前一覧,山本世界,やまもと せかい
EXILEグループの名前一覧,佐藤大樹,さとう たいき
EXILEグループの名前一覧,白濱亜嵐,しらはま あらん
EXILEグループの名前一覧,片寄涼太,かたよせ りょうた
EXILEグループの名前一覧,数原龍友,かずはら りゅうと
EXILEグループの名前一覧,佐野玲於,さの れお
EXILEグループの名前一覧,中務裕太,なかつか ゆうた
EXILEグループの名前一覧,岩田剛典,いわた たかのり
EXILEグループの名前一覧,登坂広臣,とさか ひろおみ
EXILEグループの名前一覧,今市隆二,いまいち りゅうじ
E-girlsメンバーの名前一覧,藤井夏恋,ふじい かれん
E-girlsメンバーの名前一覧,藤井萩花,ふじい しゅうか
E-girlsメンバーの名前一覧,重留真波,しげとめ まなみ
E-girlsメンバーの名前一覧,中島美央,なかじま みお
E-girlsメンバーの名前一覧,鷲尾伶菜,わしお れいな
E-girlsメンバーの名前一覧,武藤千春,むとう ちはる
E-girlsメンバーの名前一覧,市來杏香,いちき きょうか
E-girlsメンバーの名前一覧,佐藤晴美,さとう はるみ
E-girlsメンバーの名前一覧,武部柚那,たけべ ゆずな
E-girlsメンバーの名前一覧,萩尾美聖,はぎお みさと
E-girlsメンバーの名前一覧,稲垣莉生,いながき りお
E-girlsメンバーの名前一覧,石井杏奈,いしい あんな
E-girlsメンバーの名前一覧,生田梨沙,いくた りさ
E-girlsメンバーの名前一覧,中嶋桃花,なかじま ももか
ももクログループの名前一覧,玉井詩織,たまい しおり
ももクログループの名前一覧,有安杏果,ありやす ももか
ももクログループの名前一覧,高城れに,たかぎ れに
ももクログループの名前一覧,真山りか,まやま りか
ももクログループの名前一覧,安本彩花,やすもと あやか
ももクログループの名前一覧,星名美怜,ほしな みれい
ももクログループの名前一覧,松野莉奈,まつの りな
ももクログループの名前一覧,小林歌穂,こばやし かほ
ももクログループの名前一覧,中山莉子,なかやま りこ
ももクログループの名前一覧,杏野なつ,あんの なつ
ももクログループの名前一覧,鈴木裕乃,すずき ひろの
ももクログループの名前一覧,宇野愛海,うの なるみ
ももクログループの名前一覧,七木奏音,ななき かのん
ももクログループの名前一覧,小池梨緒,こいけ りお
ももクログループの名前一覧,秋本帆華,あきもと ほのか
ももクログループの名前一覧,咲良菜緒,さくら なお
ももクログループの名前一覧,安藤ゆず,あんどう ゆず
ももクログループの名前一覧,大黒柚姫,おおぐろ ゆずき
ももクログループの名前一覧,坂本遥奈,さかもと はるな
ももクログループの名前一覧,彩木咲良,あやき さくら
ももクログループの名前一覧,堀くるみ,ほり くるみ
ももクログループの名前一覧,春名真依,はるな まい
ももクログループの名前一覧,根岸可蓮,ねぎし かれん
女子プロゴルファーの名前一覧,堀奈津佳,ほり なつか
女子プロゴルファーの名前一覧,有村智恵,ありむら ちえ
女子プロゴルファーの名前一覧,上田桃子,うえだ ももこ
女子プロゴルファーの名前一覧,宮里美香,みやざと みか
女子プロゴルファーの名前一覧,北田瑠衣,きただ るい
女子プロゴルファーの名前一覧,古閑美保,こが みほ
女子プロゴルファーの名前一覧,佐伯三貴,さいき みき
女子プロゴルファーの名前一覧,原江里菜,はら えりな
女子プロゴルファーの名前一覧,三塚優子,みつか ゆうこ
女子プロゴルファーの名前一覧,不動裕理,ふどう ゆうり
女子プロゴルファーの名前一覧,福嶋晃子,ふくしま あきこ
女子プロゴルファーの名前一覧,大山志保,おおやま しほ
女子プロゴルファーの名前一覧,小林浩美,こばやし ひろみ
女子プロゴルファーの名前一覧,塩谷育代,しおたに いくよ
女子プロゴルファーの名前一覧,服部道子,はっとり みちこ
女子プロゴルファーの名前一覧,岡本綾子,おかもと あやこ
女子プロゴルファーの名前一覧,樋口久子,ひぐち ひさこ
男子プロゴルファーの名前一覧,松山英樹,まつやま ひでき
男子プロゴルファーの名前一覧,池田勇太,いけだ ゆうた
男子プロゴルファーの名前一覧,薗田峻輔,そのだ しゅんすけ
男子プロゴルファーの名前一覧,片山晋呉,かたやま しんご
男子プロゴルファーの名前一覧,今田竜二,いまだ りゅうじ
男子プロゴルファーの名前一覧,丸山茂樹,まるやま しげき
男子プロゴルファーの名前一覧,川岸良兼,かわぎし りょうけん
男子プロゴルファーの名前一覧,中嶋常幸,なかじま つねゆき
男子プロゴルファーの名前一覧,尾崎健夫,おざき たてお
男子プロゴルファーの名前一覧,尾崎直道,おざき なおみち
男子プロゴルファーの名前一覧,倉本昌弘,くらもと まさひろ
男子プロゴルファーの名前一覧,尾崎将司,おざき まさし
男子プロゴルファーの名前一覧,杉原輝雄,すぎはら てるお
体操競技の選手の名前一覧,内村航平,うちむら こうへい
体操競技の選手の名前一覧,田中和仁,たなか かずひと
体操競技の選手の名前一覧,田中佑典,たなか ゆうすけ
体操競技の選手の名前一覧,加藤凌平,かとう りょうへい
体操競技の選手の名前一覧,山室光史,やまむろ こうじ
体操競技の選手の名前一覧,塚原直也,つかはら なおや
体操競技の選手の名前一覧,白井健三,しらい けんぞう
体操競技の選手の名前一覧,冨田洋之,とみた ひろゆき
体操競技の選手の名前一覧,池谷幸雄,いけたに ゆきお
体操競技の選手の名前一覧,森末慎二,もりすえ しんじ
体操競技の選手の名前一覧,田中理恵,たなか りえ
体操競技の選手の名前一覧,鶴見虹子,つるみ こうこ
体操競技の選手の名前一覧,笹田夏実,ささだ なつみ
体操競技の選手の名前一覧,村上茉愛,むらかみ まい
女子アナの名前一覧,加藤綾子,かとう あやこ
女子アナの名前一覧,生野陽子,しょうの ようこ
女子アナの名前一覧,秋元優里,あきもと ゆり
女子アナの名前一覧,山崎夕貴,やまさき ゆき
女子アナの名前一覧,水卜麻美,みうら あさみ
女子アナの名前一覧,久野静香,くの しずか
女子アナの名前一覧,鈴江奈々,すずえ なな
女子アナの名前一覧,竹内由恵,たけうち よしえ
女子アナの名前一覧,大木優紀,おおき ゆうき
女子アナの名前一覧,堂真理子,どう まりこ
女子アナの名前一覧,大橋未歩,おおはし みほ
女子アナの名前一覧,狩野恵里,かのう えり
女子アナの名前一覧,杉浦友紀,すぎうら ゆき
女子アナの名前一覧,江崎史恵,えざき しえ
女子アナの名前一覧,夏目三久,なつめ みく
女子アナの名前一覧,膳場貴子,ぜんば たかこ
女子アナの名前一覧,杉崎美香,すぎさき みか
女子アナの名前一覧,高見侑里,たかみ ゆり
女子アナの名前一覧,本田朋子,ほんだ ともこ
女子アナの名前一覧,平井理央,ひらい りお
女子アナの名前一覧,皆藤愛子,かいとう あいこ
女子アナの名前一覧,長野美郷,ながの みさと
女子アナの名前一覧,山岸舞彩,やまぎし まい
女子アナの名前一覧,高橋真麻,たかはし まあさ
女子アナの名前一覧,青木裕子,あおき ゆうこ
女子アナの名前一覧,小林麻耶,こばやし まや
女子アナの名前一覧,前田有紀,まえだ ゆき
作家・小説家(男性)の名前一覧,山田悠介,やまだ ゆうすけ
作家・小説家(男性)の名前一覧,池上永一,いけがみ えいいち
作家・小説家(男性)の名前一覧,田中慎弥,たなか しんや
作家・小説家(男性)の名前一覧,万城目学,まきめ まなぶ
作家・小説家(男性)の名前一覧,三崎亜記,みさき あき
作家・小説家(男性)の名前一覧,道尾秀介,みちお しゅうすけ
作家・小説家(男性)の名前一覧,仁木英之,にき ひでゆき
作家・小説家(男性)の名前一覧,綾辻行人,あやつじ ゆきと
作家・小説家(男性)の名前一覧,池井戸潤,いけいど じゅん
作家・小説家(男性)の名前一覧,石田衣良,いしだ いら
作家・小説家(男性)の名前一覧,乾くるみ,いぬい くるみ
作家・小説家(男性)の名前一覧,金城一紀,かねしろ かずき
作家・小説家(男性)の名前一覧,京極夏彦,きょうごく なつひこ
作家・小説家(男性)の名前一覧,雫井脩介,しずくい しゅうすけ
作家・小説家(男性)の名前一覧,真保裕一,しんぽ ゆういち
作家・小説家(男性)の名前一覧,瀬名秀明,せな ひであき
作家・小説家(男性)の名前一覧,天童荒太,てんどう あらた
作家・小説家(男性)の名前一覧,西村賢太,にしむら けんた
作家・小説家(男性)の名前一覧,吉田修一,よしだ しゅういち
作家・小説家(男性)の名前一覧,市川拓司,いちかわ たくじ
作家・小説家(男性)の名前一覧,小路幸也,しょうじ ゆきや
作家・小説家(男性)の名前一覧,朱川湊人,しゅかわ みなと
作家・小説家(男性)の名前一覧,誉田哲也,ほんだ てつや
作家・小説家(男性)の名前一覧,貫井徳郎,ぬくい とくろう
作家・小説家(男性)の名前一覧,浅田次郎,あさだ じろう
作家・小説家(男性)の名前一覧,伊集院静,いじゅういん しず
作家・小説家(男性)の名前一覧,大沢在昌,おおさわ ありまさ
作家・小説家(男性)の名前一覧,片山恭一,かたやま きょういち
作家・小説家(男性)の名前一覧,貴志祐介,きし ゆうすけ
作家・小説家(男性)の名前一覧,佐々木譲,ささき じょう
作家・小説家(男性)の名前一覧,鈴木光司,すずき こうじ
作家・小説家(男性)の名前一覧,高千穂遙,たかちほ はるか
作家・小説家(男性)の名前一覧,東野圭吾,ひがしの けいご
作家・小説家(男性)の名前一覧,百田尚樹,ひゃくた なおき
作家・小説家(男性)の名前一覧,横山秀夫,よこやま ひでお
作家・小説家(男性)の名前一覧,奥田英朗,おくだ ひでお
作家・小説家(男性)の名前一覧,赤川次郎,あかがわ じろう
作家・小説家(男性)の名前一覧,村上春樹,むらかみ はるき
作家・小説家(男性)の名前一覧,山本一力,やまもと いちりき
作家・小説家(男性)の名前一覧,菊地秀行,きくち ひでゆき
作家・小説家(男性)の名前一覧,北方謙三,きたかた けんぞう
作家・小説家(男性)の名前一覧,池澤夏樹,いけざわ なつき
作家・小説家(男性)の名前一覧,片岡義男,かたおか よしお
作家・小説家(男性)の名前一覧,佐伯泰英,さえき やすひで
作家・小説家(男性)の名前一覧,島田荘司,しまだ そうじ
作家・小説家(男性)の名前一覧,阿刀田高,あとうだ たかし
作家・小説家(男性)の名前一覧,五木寛之,いつき ひろゆき
作家・小説家(男性)の名前一覧,内田康夫,うちだ やすお
作家・小説家(男性)の名前一覧,大藪春彦,おおやぶ はるひこ
作家・小説家(男性)の名前一覧,小松左京,こまつ さきょう
作家・小説家(男性)の名前一覧,清水一行,しみず いっこう
作家・小説家(男性)の名前一覧,筒井康隆,つつい やすたか
作家・小説家(男性)の名前一覧,平井和正,ひらい かずまさ
作家・小説家(男性)の名前一覧,森村誠一,もりむら せいいち
作家・小説家(男性)の名前一覧,渡辺淳一,わたなべ じゅんいち
作家・小説家(男性)の名前一覧,城山三郎,しろやま さぶろう
作家・小説家(男性)の名前一覧,藤沢周平,ふじさわ しゅうへい
作家・小説家(男性)の名前一覧,井伏鱒二,いぶせ ますじ
作家・小説家(男性)の名前一覧,遠藤周作,えんどう しゅうさく
作家・小説家(男性)の名前一覧,川端康成,かわばた やすなり
作家・小説家(男性)の名前一覧,志賀直哉,しが なおや
作家・小説家(男性)の名前一覧,新田次郎,にった じろう
作家・小説家(男性)の名前一覧,松本清張,まつもと せいちょう
作家・小説家(男性)の名前一覧,宮沢賢治,みやざわ けんじ
作家・小説家(男性)の名前一覧,山岡荘八,やまおか そうはち
作家・小説家(男性)の名前一覧,横溝正史,よこみぞ せいし
作家・小説家(男性)の名前一覧,吉川英治,よしかわ えいじ
漫画家(男性)の名前一覧,藤巻忠俊,ふじまき ただとし(黒子のバスケ)
漫画家(男性)の名前一覧,佐藤秀峰,さとう しゅうほう(ブラックジャックによろしく)
漫画家(男性)の名前一覧,安西信行,あんざい のぶゆき(烈火の炎)
漫画家(男性)の名前一覧,岸本斉史,きしもと まさし(NARUTO -ナルト-)
漫画家(男性)の名前一覧,和月伸宏,わつき のぶひろ(るろうに剣心 -明治剣客浪漫譚-)
漫画家(男性)の名前一覧,島袋光年,しまぶくろ みつとし(トリコ)
漫画家(男性)の名前一覧,小山宙哉,こやま ちゅうや(宇宙兄弟)
漫画家(男性)の名前一覧,久保帯人,くぼ たいと(BLEACH)
漫画家(男性)の名前一覧,青山剛昌,あおやま ごうしょう(名探偵コナン)
漫画家(男性)の名前一覧,井上雄彦,いのうえ たけひこ(SLAM DUNK)
漫画家(男性)の名前一覧,浦沢直樹,うらさわ なおき(20世紀少年)
漫画家(男性)の名前一覧,江川達也,えがわ たつや(まじかる☆タルるートくん)
漫画家(男性)の名前一覧,高橋陽一,たかはし よういち(キャプテン翼)
漫画家(男性)の名前一覧,冨樫義博,とがし よしひろ(幽☆遊☆白書)
漫画家(男性)の名前一覧,萩原一至,はぎわら かずし(BASTARD!! -暗黒の破壊神-)
漫画家(男性)の名前一覧,松本大洋,まつもと たいよう(鉄コン筋クリート)
漫画家(男性)の名前一覧,高橋和希,たかはし かずき(遊☆戯☆王)
漫画家(男性)の名前一覧,椎名高志,しいな たかし(GS美神 極楽大作戦!!)
漫画家(男性)の名前一覧,曽田正人,そだ まさひと(め組の大吾)
漫画家(男性)の名前一覧,浜岡賢次,はまおか けんじ(浦安鉄筋家族)
漫画家(男性)の名前一覧,蛭田達也,ひるた たつや(コータローまかりとおる!)
漫画家(男性)の名前一覧,高橋幸慈,たかはし こうじ(押忍!!空手部)
漫画家(男性)の名前一覧,西森博之,にしもり ひろゆき(今日から俺は!!)
漫画家(男性)の名前一覧,あだち充,あだち みつる(タッチ)
漫画家(男性)の名前一覧,板垣恵介,いたがき けいすけ(グラップラー刃牙)
漫画家(男性)の名前一覧,江口寿史,えぐち ひさし(ストップ!!ひばりくん!)
漫画家(男性)の名前一覧,車田正美,くるまだ まさみ(リングにかけろ)
漫画家(男性)の名前一覧,平松伸二,ひらまつ しんじ(ドーベルマン刑事)
漫画家(男性)の名前一覧,寺沢武一,てらさわ ぶいち(コブラ)
漫画家(男性)の名前一覧,徳弘正也,とくひろ まさや(ジャングルの王者ターちゃん)
漫画家(男性)の名前一覧,福本伸行,ふくもと のぶゆき(アカギ)
漫画家(男性)の名前一覧,魔夜峰央,まや みねお(パタリロ!)
漫画家(男性)の名前一覧,井上紀良,いのうえ のりよし(黄龍の耳)
漫画家(男性)の名前一覧,野部利雄,のべ としお(のぞみウィッチィズ)
漫画家(男性)の名前一覧,三田紀房,みた のりふさ(ドラゴン桜)
漫画家(男性)の名前一覧,山田貴敏,やまだ たかとし(Dr.コトー診療所)
漫画家(男性)の名前一覧,青木雄二,あおき ゆうじ(ナニワ金融道)
漫画家(男性)の名前一覧,池上遼一,いけがみ りょういち(クライング フリーマン)
漫画家(男性)の名前一覧,小山ゆう,こやま ゆう(お～い!竜馬)
漫画家(男性)の名前一覧,弘兼憲史,ひろかね けんし(課長島耕作)
漫画家(男性)の名前一覧,横山光輝,よこやま みつてる(鉄人28号)
漫画家(男性)の名前一覧,水島新司,みずしま しんじ(ドカベン)
漫画家(男性)の名前一覧,松本零士,まつもと れいじ(銀河鉄道999)
漫画家(男性)の名前一覧,矢口高雄,やぐち たかお(釣りキチ三平)
漫画家(男性)の名前一覧,手塚治虫,てづか おさむ(鉄腕アトム)
アイドリング!!!の名前一覧,小泉瑠美,こいずみ るみ(2号)
アイドリング!!!の名前一覧,滝口ミラ,たきぐち みら(5号)
アイドリング!!!の名前一覧,森田涼花,もりた すずか(11号)
アイドリング!!!の名前一覧,朝日奈央,あさひ なお(15号)
アイドリング!!!の名前一覧,菊地亜美,きくち あみ(16号)
アイドリング!!!の名前一覧,橘ゆりか,たちばな ゆりか(19号)
アイドリング!!!の名前一覧,倉田瑠夏,くらた るか(22号)
アイドリング!!!の名前一覧,伊藤祐奈,いとう ゆうな(23号)
アイドリング!!!の名前一覧,尾島知佳,おじま ちか(26号)
アイドリング!!!の名前一覧,高橋胡桃,たかはし くるみ(27号)
アイドリング!!!の名前一覧,石田佳蓮,いしだ かれん(28号)
アイドリング!!!の名前一覧,玉川来夢,たまがわ らむ(29号)
アイドリング!!!の名前一覧,古橋舞悠,ふるはし まゆ(31号)
アイドリング!!!の名前一覧,関谷真由,せきや まゆ(32号)
アイドリング!!!の名前一覧,橋本瑠果,はしもと るか(33号)
アイドリング!!!の名前一覧,佐藤麗奈,さとう れな(34号)
J-POP・ロックバンド(男性)の名前一覧,三浦大知,みうら だいち
J-POP・ロックバンド(男性)の名前一覧,西川貴教,にしかわ たかのり
J-POP・ロックバンド(男性)の名前一覧,奥田民生,おくだ たみお
J-POP・ロックバンド(男性)の名前一覧,徳永英明,とくなが ひであき
J-POP・ロックバンド(男性)の名前一覧,槇原敬之,まきはら のりゆき
J-POP・ロックバンド(男性)の名前一覧,吉川晃司,きっかわ こうじ
J-POP・ロックバンド(男性)の名前一覧,岡村靖幸,おかむら やすゆき
J-POP・ロックバンド(男性)の名前一覧,氷室京介,ひむろ きょうすけ
J-POP・ロックバンド(男性)の名前一覧,福山雅治,ふくやま まさはる
J-POP・ロックバンド(男性)の名前一覧,布袋寅泰,ほてい ともやす
J-POP・ロックバンド(男性)の名前一覧,斉藤和義,さいとう かずよし
J-POP・ロックバンド(男性)の名前一覧,中西圭三,なかにし けいぞう
J-POP・ロックバンド(男性)の名前一覧,小沢健二,おざわ けんじ
J-POP・ロックバンド(男性)の名前一覧,角松敏生,かどまつ としき
J-POP・ロックバンド(男性)の名前一覧,大江千里,おおえ せんり
J-POP・ロックバンド(男性)の名前一覧,玉置浩二,たまき こうじ
J-POP・ロックバンド(男性)の名前一覧,鈴木雅之,すずき まさゆき
J-POP・ロックバンド(男性)の名前一覧,石井竜也,いしい たつや
J-POP・ロックバンド(男性)の名前一覧,浜田省吾,はまだ しょうご
J-POP・ロックバンド(男性)の名前一覧,佐野元春,さの もとはる
J-POP・ロックバンド(男性)の名前一覧,山下達郎,やました たつろう
J-POP・ロックバンド(男性)の名前一覧,稲垣潤一,いながき じゅんいち
J-POP・ロックバンド(男性)の名前一覧,郷ひろみ,ごう ひろみ
J-POP・ロックバンド(男性)の名前一覧,世良公則,せら まさのり
J-POP・ロックバンド(男性)の名前一覧,矢沢永吉,やざわ えいきち
J-POP・ロックバンド(男性)の名前一覧,井上陽水,いのうえ ようすい
J-POP・ロックバンド(男性)の名前一覧,小田和正,おだ かずまさ
J-POP・ロックバンド(男性)の名前一覧,吉田拓郎,よしだ たくろう
J-POP・ロックバンド(男性)の名前一覧,森田公一,もりた こういち
J-POP・ロックバンド(男性)の名前一覧,宇崎竜童,うざき りゅうどう
J-POP・ロックバンド(男性)の名前一覧,大瀧詠一,おおたき えいいち
J-POP・ロックバンド(男性)の名前一覧,内田裕也,うちだ ゆうや
J-POP(女性)の名前一覧,家入レオ,いえいり れお
J-POP(女性)の名前一覧,西野カナ,にしの かな
J-POP(女性)の名前一覧,中島美嘉,なかしま みか
J-POP(女性)の名前一覧,倖田來未,こうだ くみ
J-POP(女性)の名前一覧,玉置成実,たまき なみ
J-POP(女性)の名前一覧,伊藤由奈,いとう ゆな
J-POP(女性)の名前一覧,平原綾香,ひらはら あやか
J-POP(女性)の名前一覧,倉木麻衣,くらき まい
J-POP(女性)の名前一覧,小柳ゆき,こやなぎ ゆき
J-POP(女性)の名前一覧,川嶋あい,かわしま あい
J-POP(女性)の名前一覧,椎名林檎,しいな りんご
J-POP(女性)の名前一覧,中山美穂,なかやま みほ
J-POP(女性)の名前一覧,工藤静香,くどう しずか
J-POP(女性)の名前一覧,華原朋美,かはら ともみ
J-POP(女性)の名前一覧,相川七瀬,あいかわ ななせ
J-POP(女性)の名前一覧,川本真琴,かわもと まこと
J-POP(女性)の名前一覧,矢井田瞳,やいだ ひとみ
J-POP(女性)の名前一覧,岡本真夜,おかもと まよ
J-POP(女性)の名前一覧,古内東子,ふるうち とうこ
J-POP(女性)の名前一覧,元ちとせ,はじめ ちとせ
J-POP(女性)の名前一覧,松田聖子,まつだ せいこ
J-POP(女性)の名前一覧,中森明菜,なかもり あきな
J-POP(女性)の名前一覧,渡辺美里,わたなべ みさと
J-POP(女性)の名前一覧,今井美樹,いまい みき
J-POP(女性)の名前一覧,岡村孝子,おかむら たかこ
J-POP(女性)の名前一覧,森高千里,もりたか ちさと
J-POP(女性)の名前一覧,南野陽子,みなみの ようこ
J-POP(女性)の名前一覧,松本伊代,まつもと いよ
J-POP(女性)の名前一覧,広瀬香美,ひろせ こうみ
J-POP(女性)の名前一覧,柏原芳恵,かしわばら よしえ
J-POP(女性)の名前一覧,菊池桃子,きくち ももこ
J-POP(女性)の名前一覧,堀ちえみ,ほり ちえみ
J-POP(女性)の名前一覧,石川秀美,いしかわ ひでみ
J-POP(女性)の名前一覧,石井明美,いしい あけみ
J-POP(女性)の名前一覧,山口百恵,やまぐち ももえ
J-POP(女性)の名前一覧,桜田淳子,さくらだ じゅんこ
J-POP(女性)の名前一覧,尾崎亜美,おざき あみ
J-POP(女性)の名前一覧,岩崎宏美,いわさき ひろみ
J-POP(女性)の名前一覧,太田裕美,おおた ひろみ
J-POP(女性)の名前一覧,天地真理,あまち まり
J-POP(女性)の名前一覧,研ナオコ,けん なおこ
J-POP(女性)の名前一覧,八代亜紀,やしろ あき
J-POP(女性)の名前一覧,大橋純子,おおはし じゅんこ
J-POP(女性)の名前一覧,青江三奈,あおえ みな
J-POP(女性)の名前一覧,梓みちよ,あずさ みちよ
バンド・グループ・デュオの名前一覧,稲葉浩志,いなば こうし
バンド・グループ・デュオの名前一覧,松本孝弘,まつもと たかひろ
バンド・グループ・デュオの名前一覧,桜井和寿,さくらい かずとし
バンド・グループ・デュオの名前一覧,田原健一,たはら けんいち
バンド・グループ・デュオの名前一覧,中川敬輔,なかがわ けいすけ
バンド・グループ・デュオの名前一覧,鈴木英哉,すずき ひでや
バンド・グループ・デュオの名前一覧,北川悠仁,きたがわ ゆうじん
バンド・グループ・デュオの名前一覧,岩沢厚治,いわさわ こうじ
バンド・グループ・デュオの名前一覧,桑田佳祐,くわた けいすけ
バンド・グループ・デュオの名前一覧,関口和之,せきぐち かずゆき
バンド・グループ・デュオの名前一覧,野沢秀行,のざわ ひでゆき
バンド・グループ・デュオの名前一覧,吉田美和,よしだ みわ
バンド・グループ・デュオの名前一覧,中村正人,なかむら まさと
バンド・グループ・デュオの名前一覧,田村明浩,たむら あきひろ
バンド・グループ・デュオの名前一覧,崎山龍男,さきやま たつお
バンド・グループ・デュオの名前一覧,黒田俊介,くろだ しゅんすけ
バンド・グループ・デュオの名前一覧,藤原基央,ふじわら もとお
バンド・グループ・デュオの名前一覧,増川弘明,ますかわ ひろあき
バンド・グループ・デュオの名前一覧,直井由文,なおい よしふみ
バンド・グループ・デュオの名前一覧,後藤正文,ごとう まさふみ
バンド・グループ・デュオの名前一覧,喜多建介,きた けんすけ
バンド・グループ・デュオの名前一覧,伊地知潔,いぢち きよし
バンド・グループ・デュオの名前一覧,山田貴洋,やまだ たかひろ
バンド・グループ・デュオの名前一覧,鬼龍院翔,きりゅういん しょう
バンド・グループ・デュオの名前一覧,喜矢武豊,きゃん ゆたか
バンド・グループ・デュオの名前一覧,歌広場淳,うたひろば じゅん
バンド・グループ・デュオの名前一覧,吉岡聖恵,よしおか きよえ
バンド・グループ・デュオの名前一覧,水野良樹,みずの よしき
バンド・グループ・デュオの名前一覧,山下穂尊,やました ほたか
バンド・グループ・デュオの名前一覧,持田香織,もちだ かおり
バンド・グループ・デュオの名前一覧,伊藤一朗,いとう いちろう
バンド・グループ・デュオの名前一覧,恩田快人,おんだ よしひと
バンド・グループ・デュオの名前一覧,綾小路翔,あやのこうじ しょう
バンド・グループ・デュオの名前一覧,早乙女光,さおとめ ひかる
バンド・グループ・デュオの名前一覧,西園寺瞳,さいおんじ ひとみ
バンド・グループ・デュオの名前一覧,堂珍嘉邦,どうちん よしくに
バンド・グループ・デュオの名前一覧,岡野昭仁,おかの あきひと
バンド・グループ・デュオの名前一覧,新藤晴一,しんどう はるいち
バンド・グループ・デュオの名前一覧,真島昌利,ましま まさとし
バンド・グループ・デュオの名前一覧,桐田勝治,きりた かつじ
バンド・グループ・デュオの名前一覧,千葉涼平,ちば りょうへい
バンド・グループ・デュオの名前一覧,緒方龍一,おがた りゅういち
バンド・グループ・デュオの名前一覧,西島隆弘,にしじま たかひろ
バンド・グループ・デュオの名前一覧,浦田直也,うらた なおや
バンド・グループ・デュオの名前一覧,日高光啓,ひだか みつひろ
バンド・グループ・デュオの名前一覧,與真司郎,あたえ しんじろう
バンド・グループ・デュオの名前一覧,末吉秀太,すえよし しゅうた
バンド・グループ・デュオの名前一覧,伊藤千晃,いとう ちあき
バンド・グループ・デュオの名前一覧,大橋卓弥,おおはし たくや
バンド・グループ・デュオの名前一覧,藤巻亮太,ふじまき りょうた
バンド・グループ・デュオの名前一覧,前田啓介,まえだ けいすけ
バンド・グループ・デュオの名前一覧,神宮司治,じんぐうじ おさむ
バンド・グループ・デュオの名前一覧,酒井雄二,さかい ゆうじ
バンド・グループ・デュオの名前一覧,北山陽一,きたやま よういち
バンド・グループ・デュオの名前一覧,山田真矢,やまだ しんや
バンド・グループ・デュオの名前一覧,吉村由美,よしむら ゆみ
バンド・グループ・デュオの名前一覧,大貫亜美,おおぬき あみ
バンド・グループ・デュオの名前一覧,吉井和哉,よしい かずや
バンド・グループ・デュオの名前一覧,菊地英昭,きくち ひであき
バンド・グループ・デュオの名前一覧,廣瀬洋一,ひろせ よういち
バンド・グループ・デュオの名前一覧,菊地英二,きくち えいじ
バンド・グループ・デュオの名前一覧,島袋寛子,しまぶくろ ひろこ
バンド・グループ・デュオの名前一覧,新垣仁絵,あらかき ひとえ
バンド・グループ・デュオの名前一覧,谷村新司,たにむら しんじ
バンド・グループ・デュオの名前一覧,堀内孝雄,ほりうち たかお
少女漫画に登場する人物の名前一覧,岡ひろみ,おか ひろみ
少女漫画に登場する人物の名前一覧,竜崎麗香,りゅうざき れいか
少女漫画に登場する人物の名前一覧,緑川蘭子,みどりかわ らんこ
少女漫画に登場する人物の名前一覧,藤堂貴之,とうどう たかゆき
少女漫画に登場する人物の名前一覧,千葉鷹志,ちば たかし
少女漫画に登場する人物の名前一覧,宝力冴子,ほうりき さえこ
少女漫画に登場する人物の名前一覧,北島マヤ,きたじま まや
少女漫画に登場する人物の名前一覧,速水真澄,はやみ ますみ
少女漫画に登場する人物の名前一覧,月影千草,つきかげ ちぐさ
少女漫画に登場する人物の名前一覧,姫川亜弓,ひめかわ あゆみ
少女漫画に登場する人物の名前一覧,桜小路優,さくらこうじ ゆう
少女漫画に登場する人物の名前一覧,鷹宮紫織,たかみや しおり
少女漫画に登場する人物の名前一覧,竹本祐太,たけもと ゆうた
少女漫画に登場する人物の名前一覧,綾瀬千早,あやせ ちはや
少女漫画に登場する人物の名前一覧,真島太一,ましま たいち
少女漫画に登場する人物の名前一覧,西田優征,にしだ ゆうせい
少女漫画に登場する人物の名前一覧,筑波秋博,つくば あきひろ
少女漫画に登場する人物の名前一覧,若宮詩暢,わかみや しのぶ
少女漫画に登場する人物の名前一覧,周防久志,すおう ひさし
少女漫画に登場する人物の名前一覧,須藤暁人,すどう あきと
少女漫画に登場する人物の名前一覧,西根公輝,にしね まさき
少女漫画に登場する人物の名前一覧,菱沼聖子,ひしぬま せいこ
少女漫画に登場する人物の名前一覧,西根タカ,にしね たか
少女漫画に登場する人物の名前一覧,清原貴志,きよはら たかし
少女漫画に登場する人物の名前一覧,阿波野萌,あわの もえ
少女漫画に登場する人物の名前一覧,嶋田小夜,しまだ さよ
少女漫画に登場する人物の名前一覧,天沢聖司,あまさわ せいじ
少女漫画に登場する人物の名前一覧,月島靖也,つきしま せいや
少女漫画に登場する人物の名前一覧,月島朝子,つきしま あさこ
ハロー！プロジェクトグループの名前一覧,清水佐紀,しみず さき
ハロー！プロジェクトグループの名前一覧,嗣永桃子,つぐなが ももこ
ハロー！プロジェクトグループの名前一覧,須藤茉麻,すどう まあさ
ハロー！プロジェクトグループの名前一覧,石村舞波,いしむら まいは
ハロー！プロジェクトグループの名前一覧,矢島舞美,やじま まいみ
ハロー！プロジェクトグループの名前一覧,中島早貴,なかじま さき
ハロー！プロジェクトグループの名前一覧,鈴木愛理,すずき あいり
ハロー！プロジェクトグループの名前一覧,岡井千聖,おかい ちさと
ハロー！プロジェクトグループの名前一覧,有原栞菜,ありはら かんな
ハロー！プロジェクトグループの名前一覧,和田彩花,わだ あやか
ハロー！プロジェクトグループの名前一覧,福田花音,ふくだ かのん
ハロー！プロジェクトグループの名前一覧,中西香菜,なかにし かな
ハロー！プロジェクトグループの名前一覧,竹内朱莉,たけうち あかり
ハロー！プロジェクトグループの名前一覧,勝田里奈,かつた りな
ハロー！プロジェクトグループの名前一覧,田村芽実,たむら めいみ
ハロー！プロジェクトグループの名前一覧,小川紗季,おがわ さき
ハロー！プロジェクトグループの名前一覧,前田憂佳,まえだ ゆうか
ハロー！プロジェクトグループの名前一覧,宮崎由加,みやざき ゆか
ハロー！プロジェクトグループの名前一覧,金澤朋子,かなざわ ともこ
ハロー！プロジェクトグループの名前一覧,宮本佳林,みやもと かりん
ハロー！プロジェクトグループの名前一覧,大塚愛菜,おおつか あいな
ハロー！プロジェクトグループの名前一覧,松浦亜弥,まつうら あや
その他アイドル(女性)の名前一覧,志村理佳,しむら りか
その他アイドル(女性)の名前一覧,宮崎理奈,みやざき りな
その他アイドル(女性)の名前一覧,勝田梨乃,かつた りの
その他アイドル(女性)の名前一覧,荒井玲良,あらい れいら
その他アイドル(女性)の名前一覧,田中美麗,たなか みれい
その他アイドル(女性)の名前一覧,溝手るか,みぞて るか
その他アイドル(女性)の名前一覧,前島亜美,まえしま あみ
その他アイドル(女性)の名前一覧,渡邉幸愛,わたなべ こうめ
その他アイドル(女性)の名前一覧,浅川梨奈,あさかわ なな
その他アイドル(女性)の名前一覧,内村莉彩,うちむら りさ
その他アイドル(女性)の名前一覧,八坂沙織,やさか さおり
その他アイドル(女性)の名前一覧,秋田恵里,あきた えり
その他アイドル(女性)の名前一覧,金澤有希,かなざわ ゆうき
その他アイドル(女性)の名前一覧,南口奈々,みなみぐち なな
その他アイドル(女性)の名前一覧,熊代珠琳,くましろ じゅりん
その他アイドル(女性)の名前一覧,小栗かこ,おぐり かこ
その他アイドル(女性)の名前一覧,村上来渚,むらかみ らな
その他アイドル(女性)の名前一覧,武田舞彩,たけだ まあや
その他アイドル(女性)の名前一覧,伊山摩穂,いやま まほ
その他アイドル(女性)の名前一覧,平野沙羅,ひらの さら
その他アイドル(女性)の名前一覧,小西彩乃,こにし あやの
その他アイドル(女性)の名前一覧,山邊未夢,やまべ みゆ
その他アイドル(女性)の名前一覧,中江友梨,なかえ ゆり
その他アイドル(女性)の名前一覧,庄司芽生,しょうじ めい
その他アイドル(女性)の名前一覧,天野なつ,あまの なつ
その他アイドル(女性)の名前一覧,大石芽依,おおいし めい
その他アイドル(女性)の名前一覧,岸田麻佑,きしだ まゆ
その他アイドル(女性)の名前一覧,坂井朝香,さかい あさか
その他アイドル(女性)の名前一覧,高木悠未,たかき ゆうみ
その他アイドル(女性)の名前一覧,姫崎愛未,ひめさき あみ
その他アイドル(女性)の名前一覧,桃咲まゆ,ももさき まゆ
その他アイドル(女性)の名前一覧,吉川千愛,よしかわ ちあき
その他アイドル(女性)の名前一覧,杉本ゆさ,すぎもと ゆさ
その他アイドル(女性)の名前一覧,深瀬智聖,ふかせ ちせい
その他アイドル(女性)の名前一覧,大庭彩歌,おおば あやか
その他アイドル(女性)の名前一覧,山木彩乃,やまき あやの
その他アイドル(女性)の名前一覧,伊藤麻希,いとう まき
その他アイドル(女性)の名前一覧,北山真緒,きたやま まお
その他アイドル(女性)の名前一覧,木村早希,きむら さき
その他アイドル(女性)の名前一覧,由地成美,ゆじ なるみ
その他アイドル(女性)の名前一覧,福山果奈,ふくやま かな
その他アイドル(女性)の名前一覧,舞川あや,まいかわ あや
その他アイドル(女性)の名前一覧,荻野可鈴,おぎの かりん
その他アイドル(女性)の名前一覧,山田朱莉,やまだ あかり
その他アイドル(女性)の名前一覧,志田友美,しだ ゆうみ
その他アイドル(女性)の名前一覧,高見奈央,たかみ なお
その他アイドル(女性)の名前一覧,渡邊璃生,わたなべ りお
その他アイドル(女性)の名前一覧,林田真尋,はやしだ まひろ
その他アイドル(女性)の名前一覧,下村実生,しもむら みき
その他アイドル(女性)の名前一覧,清村川音,きよむら かわね
その他アイドル(女性)の名前一覧,清里千聖,きよさと ちせい
その他アイドル(女性)の名前一覧,伴かなみ,ばん かなみ
その他アイドル(女性)の名前一覧,森咲智美,もりさき ともみ
その他アイドル(女性)の名前一覧,八角瑛子,やすみ えいこ
その他アイドル(女性)の名前一覧,朝倉真琴,あさくら まこと
その他アイドル(女性)の名前一覧,蝶野晶美,ちょうの まさみ
その他アイドル(女性)の名前一覧,甲斐彩花,かい あやか
その他アイドル(女性)の名前一覧,望月綾乃,もちづき あやの
その他アイドル(女性)の名前一覧,渡辺友貴,わたなべ ゆき
その他アイドル(女性)の名前一覧,荒木美穂,あらき みほ
その他アイドル(女性)の名前一覧,大野咲貴,おおの さき
その他アイドル(女性)の名前一覧,成瀬未佳,なるせ みか
その他アイドル(女性)の名前一覧,橋本環奈,はしもと かんな
その他アイドル(女性)の名前一覧,鷲尾美紀,わしお みき
その他アイドル(女性)の名前一覧,秋山美穂,あきやま みほ
その他アイドル(女性)の名前一覧,西岡優菜,にしおか ゆうな
その他アイドル(女性)の名前一覧,神谷帆南,こうや ほなみ
その他アイドル(女性)の名前一覧,力石奈波,ちからいし ななみ
その他アイドル(女性)の名前一覧,本野杏香,もとの きょうか
その他アイドル(女性)の名前一覧,橋本幸奈,はしもと ゆきな
その他アイドル(女性)の名前一覧,古澤早希,ふるさわ さき
その他アイドル(女性)の名前一覧,相沢梨紗,あいざわ りさ
その他アイドル(女性)の名前一覧,古川未鈴,ふるかわ みりん
その他アイドル(女性)の名前一覧,夢眠ねむ,ゆめみ ねむ
その他アイドル(女性)の名前一覧,成瀬瑛美,なるせ えいみ
その他アイドル(女性)の名前一覧,最上もが,もがみ もが
その他アイドル(女性)の名前一覧,藤咲彩音,ふじさき あやね
その他アイドル(女性)の名前一覧,増井みお,ますい みお
その他アイドル(女性)の名前一覧,奥仲麻琴,おくなか まこと
その他アイドル(女性)の名前一覧,槙田紗子,まきた さこ
その他アイドル(女性)の名前一覧,玉井杏奈,たまい あんな
男子サッカー選手の名前一覧,酒井宏樹,さかい ひろき
男子サッカー選手の名前一覧,酒井高徳,さかい ごうとく
男子サッカー選手の名前一覧,大迫勇也,おおさこ ゆうや
男子サッカー選手の名前一覧,遠藤保仁,えんどう やすひと
男子サッカー選手の名前一覧,長友佑都,ながとも ゆうと
男子サッカー選手の名前一覧,本田圭佑,ほんだ けいすけ
男子サッカー選手の名前一覧,長谷部誠,はせべ まこと
男子サッカー選手の名前一覧,岡崎慎司,おかざき しんじ
男子サッカー選手の名前一覧,香川真司,かがわ しんじ
男子サッカー選手の名前一覧,駒野友一,こまの ゆういち
男子サッカー選手の名前一覧,今野泰幸,こんの やすゆき
男子サッカー選手の名前一覧,玉田圭司,たまだ けいじ
男子サッカー選手の名前一覧,内田篤人,うちだ あつと
男子サッカー選手の名前一覧,中村憲剛,なかむら けんご
男子サッカー選手の名前一覧,川島永嗣,かわしま えいじ
男子サッカー選手の名前一覧,阿部勇樹,あべ ゆうき
男子サッカー選手の名前一覧,吉田麻也,よしだ まや
男子サッカー選手の名前一覧,巻誠一郎,まき せいいちろう
男子サッカー選手の名前一覧,前田遼一,まえだ りょういち
男子サッカー選手の名前一覧,松井大輔,まつい だいすけ
男子サッカー選手の名前一覧,清武弘嗣,きよたけ ひろし
男子サッカー選手の名前一覧,大黒将志,おおぐろ まさし
男子サッカー選手の名前一覧,田中達也,たなか たつや
男子サッカー選手の名前一覧,森重真人,もりしげ まさと
男子サッカー選手の名前一覧,森本貴幸,もりもと たかゆき
男子サッカー選手の名前一覧,中村俊輔,なかむら しゅんすけ
男子サッカー選手の名前一覧,中田英寿,なかた ひでとし
男子サッカー選手の名前一覧,川口能活,かわぐち よしかつ
男子サッカー選手の名前一覧,中澤佑二,なかざわ ゆうじ
男子サッカー選手の名前一覧,稲本潤一,いなもと じゅんいち
男子サッカー選手の名前一覧,楢崎正剛,ならざき せいごう
男子サッカー選手の名前一覧,宮本恒靖,みやもと つねやす
男子サッカー選手の名前一覧,森島寛晃,もりしま ひろあき
男子サッカー選手の名前一覧,福西崇史,ふくにし たかし
男子サッカー選手の名前一覧,相馬直樹,そうま なおき
男子サッカー選手の名前一覧,高原直泰,たかはら なおひろ
男子サッカー選手の名前一覧,中田浩二,なかた こうじ
男子サッカー選手の名前一覧,小野伸二,おの しんじ
男子サッカー選手の名前一覧,鈴木隆行,すずき たかゆき
男子サッカー選手の名前一覧,服部年宏,はっとり としひろ
男子サッカー選手の名前一覧,松田直樹,まつだ なおき
男子サッカー選手の名前一覧,坪井慶介,つぼい けいすけ
男子サッカー選手の名前一覧,名良橋晃,ならはし あきら
男子サッカー選手の名前一覧,森岡隆三,もりおか りゅうぞう
男子サッカー選手の名前一覧,久保竜彦,くぼ たつひこ
男子サッカー選手の名前一覧,前園真聖,まえぞの まさきよ
男子サッカー選手の名前一覧,岡野雅行,おかの まさゆき
男子サッカー選手の名前一覧,三浦知良,みうら かずよし
男子サッカー選手の名前一覧,中山雅史,なかやま まさし
男子サッカー選手の名前一覧,井原正巳,いはら まさみ
男子サッカー選手の名前一覧,都並敏史,つなみ さとし
男子サッカー選手の名前一覧,柱谷幸一,はしらたに こういち
男子サッカー選手の名前一覧,柱谷哲二,はしらたに てつじ
男子サッカー選手の名前一覧,山口素弘,やまぐち もとひろ
男子サッカー選手の名前一覧,福田正博,ふくだ まさひろ
男子サッカー選手の名前一覧,高木琢也,たかぎ たくや
男子サッカー選手の名前一覧,武田修宏,たけだ のぶひろ
男子サッカー選手の名前一覧,永井良和,ながい よしかず
男子サッカー選手の名前一覧,前田秀樹,まえだ ひでき
男子サッカー選手の名前一覧,藤島信雄,ふじしま のぶお
男子サッカー選手の名前一覧,田口光久,たぐち みつひさ
男子サッカー選手の名前一覧,金田喜稔,かねだ のぶとし
男子サッカー選手の名前一覧,木村和司,きむら かずし
男子サッカー選手の名前一覧,奥寺康彦,おくでら やすひこ
男子サッカー選手の名前一覧,岡田武史,おかだ たけし
男子サッカー選手の名前一覧,釜本邦茂,かまもと くにしげ
男子サッカー選手の名前一覧,杉山隆一,すぎやま りゅういち
男子サッカー選手の名前一覧,川淵三郎,かわぶち さぶろう
経営者・起業家の名前一覧,村上太一,むらかみ たいち(リブセンス
経営者・起業家の名前一覧,岡村陽久,おかむら はるひさ(アドウェイズ
経営者・起業家の名前一覧,堀江貴文,ほりえ たかふみ(オン・ザ・エッヂ
経営者・起業家の名前一覧,田中良和,たなか よしかず(グリー
経営者・起業家の名前一覧,笠原健治,かさはら けんじ(ミクシィ
経営者・起業家の名前一覧,佐野陽光,さの あきみつ(クックパッド
経営者・起業家の名前一覧,近藤淳也,こんどう じゅんや(はてな
経営者・起業家の名前一覧,青野慶久,あおの よしひさ(サイボウズ
経営者・起業家の名前一覧,渡邉哲男,わたなべ てつお(比較.com
経営者・起業家の名前一覧,田中邦裕,たなか くにひろ(さくらインターネット
経営者・起業家の名前一覧,熊谷正寿,くまがい まさとし(GMO
経営者・起業家の名前一覧,宇野康秀,うの やすひで(インテリジェンス
経営者・起業家の名前一覧,南場智子,なんば ともこ(ディー・エヌ・エー
経営者・起業家の名前一覧,川上量生,かわかみ のぶお(ドワンゴ
経営者・起業家の名前一覧,後藤玄利,ごとう げんり(ケンコーコム
経営者・起業家の名前一覧,柳澤安慶,やなぎさわ やすよし(ファンコミュニケーションズ
経営者・起業家の名前一覧,南部靖之,なんぶ やすゆき(パソナ
経営者・起業家の名前一覧,澤田秀雄,さわだ ひでお(エイチ・アイ・エス
経営者・起業家の名前一覧,宗次徳二,むねつぐ とくじ(壱番屋
経営者・起業家の名前一覧,浮川和宣,うきがわ かずのり(ジャストシステム
経営者・起業家の名前一覧,菊地敬一,きくち けいいち(ヴィレッジヴァンガード
経営者・起業家の名前一覧,稲盛和夫,いなもり かずお(京セラ
経営者・起業家の名前一覧,篠原欣子,しのはら よしこ(テンプスタッフ
経営者・起業家の名前一覧,池森賢二,いけもり けんじ(ファンケル
経営者・起業家の名前一覧,鳥羽博道,とりば ひろみち(ドトールコーヒー
経営者・起業家の名前一覧,宮内義彦,みやうち よしひこ(オリックス
経営者・起業家の名前一覧,小倉昌男,おぐら まさお(ヤマト運輸
経営者・起業家の名前一覧,盛田昭夫,もりた あきお(ソニー
経営者・起業家の名前一覧,辻信太郎,つじ しんたろう(サンリオ
経営者・起業家の名前一覧,塚本幸一,つかもと こういち(ワコール
経営者・起業家の名前一覧,安藤百福,あんどう ももふく(日清食品
経営者・起業家の名前一覧,藤沢武夫,ふじさわ たけお(ホンダ)
経営者・起業家の名前一覧,早川徳次,はやかわ とくじ(シャープ
経営者・起業家の名前一覧,御手洗毅,みたらい たけし(キヤノン
経営者・起業家の名前一覧,出光佐三,いでみつ さぞう(出光興産
経営者・起業家の名前一覧,三島海雲,みしま かいうん(カルピス
経営者・起業家の名前一覧,竹鶴政孝,たけつる まさたか(ニッカウヰスキー
野球選手の名前一覧,田中将大,たなか まさひろ
野球選手の名前一覧,涌井秀章,わくい ひであき
野球選手の名前一覧,澤村拓一,さわむら ひろかず
野球選手の名前一覧,杉内俊哉,すぎうち としや
野球選手の名前一覧,前田健太,まえだ けんた
野球選手の名前一覧,森福允彦,もりふく まさひこ
野球選手の名前一覧,内海哲也,うつみ てつや
野球選手の名前一覧,大隣憲司,おおとなり けんじ
野球選手の名前一覧,牧田和久,まきた かずひさ
野球選手の名前一覧,山口鉄也,やまぐち てつや
野球選手の名前一覧,松田宣浩,まつだ のぶひろ
野球選手の名前一覧,坂本勇人,さかもと はやと
野球選手の名前一覧,本多雄一,ほんだ ゆういち
野球選手の名前一覧,糸井嘉男,いとい よしお
野球選手の名前一覧,内川聖一,うちかわ せいいち
野球選手の名前一覧,長野久義,ちょうの ひさよし
野球選手の名前一覧,角中勝也,かくなか かつや
野球選手の名前一覧,馬原孝浩,まはら たかひろ
野球選手の名前一覧,松坂大輔,まつざか だいすけ
野球選手の名前一覧,岩隈久志,いわくま ひさし
野球選手の名前一覧,藤川球児,ふじかわ きゅうじ
野球選手の名前一覧,渡辺俊介,わたなべ しゅんすけ
野球選手の名前一覧,栗原健太,くりはら けんた
野球選手の名前一覧,中島裕之,なかじま ひろゆき
野球選手の名前一覧,片岡治大,かたおか やすゆき
野球選手の名前一覧,村田修一,むらた しゅういち
野球選手の名前一覧,川崎宗則,かわさき むねのり
野球選手の名前一覧,青木宣親,あおき のりちか
野球選手の名前一覧,亀井善行,かめい よしゆき
野球選手の名前一覧,今江敏晃,いまえ としあき
野球選手の名前一覧,松井秀喜,まつい ひでき
野球選手の名前一覧,井端弘和,いばた ひろかず
野球選手の名前一覧,稲葉篤紀,いなば あつのり
野球選手の名前一覧,城島健司,じょうじま けんじ
野球選手の名前一覧,石原慶幸,いしはら よしゆき
野球選手の名前一覧,岩村明憲,いわむら あきのり
野球選手の名前一覧,上原浩治,うえはら こうじ
野球選手の名前一覧,福留孝介,ふくどめ こうすけ
野球選手の名前一覧,清水直行,しみず なおゆき
野球選手の名前一覧,藤田宗一,ふじた そういち
野球選手の名前一覧,能見篤史,のうみ あつし
野球選手の名前一覧,相川亮二,あいかわ りょうじ
野球選手の名前一覧,黒田博樹,くろだ ひろき
野球選手の名前一覧,薮田安彦,やぶた やすひこ
野球選手の名前一覧,大塚晶文,おおつか あきのり
野球選手の名前一覧,小林宏之,こばやし ひろゆき
野球選手の名前一覧,石井弘寿,いしい ひろとし
野球選手の名前一覧,里崎智也,さとざき ともや
野球選手の名前一覧,谷繁元信,たにしげ もとのぶ
野球選手の名前一覧,松中信彦,まつなか のぶひこ
野球選手の名前一覧,宮本慎也,みやもと しんや
野球選手の名前一覧,新井貴浩,あらい たかひろ
野球選手の名前一覧,和田一浩,わだ かずひろ
野球選手の名前一覧,多村仁志,たむら ひとし
野球選手の名前一覧,金城龍彦,きんじょう たつひこ
野球選手の名前一覧,岩瀬仁紀,いわせ ひとき
野球選手の名前一覧,石井琢朗,いしい たくろう
野球選手の名前一覧,前田智徳,まえだ とものり
野球選手の名前一覧,中村紀洋,なかむら のりひろ
野球選手の名前一覧,井口資仁,いぐち ただひと
野球選手の名前一覧,工藤公康,くどう きみやす
野球選手の名前一覧,野茂英雄,のも ひでお
野球選手の名前一覧,高津臣吾,たかつ しんご
野球選手の名前一覧,金本知憲,かねもと ともあき
野球選手の名前一覧,立浪和義,たつなみ かずよし
野球選手の名前一覧,秋山幸二,あきやま こうじ
野球選手の名前一覧,清原和博,きよはら かずひろ
野球選手の名前一覧,古田敦也,ふるた あつや
野球選手の名前一覧,田中幸雄,たなか ゆきお
野球選手の名前一覧,駒田徳広,こまだ のりひろ
野球選手の名前一覧,落合博満,おちあい ひろみつ
野球選手の名前一覧,北別府学,きたべっぷ まなぶ
野球選手の名前一覧,大島康徳,おおしま やすのり
野球選手の名前一覧,新井宏昌,あらい ひろまさ
野球選手の名前一覧,岡田彰布,おかだ あきのぶ
野球選手の名前一覧,山本浩二,やまもと こうじ
野球選手の名前一覧,衣笠祥雄,きぬがさ さちお
野球選手の名前一覧,鈴木啓示,すずき けいし
野球選手の名前一覧,山田久志,やまだ ひさし
野球選手の名前一覧,村田兆治,むらた ちょうじ
野球選手の名前一覧,平松政次,ひらまつ まさじ
野球選手の名前一覧,門田博光,かどた ひろみつ
野球選手の名前一覧,土井正博,どい まさひろ
野球選手の名前一覧,高木守道,たかぎ もりみち
野球選手の名前一覧,大杉勝男,おおすぎ かつお
野球選手の名前一覧,山崎裕之,やまざき ひろゆき
野球選手の名前一覧,有藤通世,ありとう みちよ
野球選手の名前一覧,加藤秀司,かとう ひでじ
野球選手の名前一覧,堀内恒夫,ほりうち つねお
野球選手の名前一覧,谷沢健一,やざわ けんいち
野球選手の名前一覧,星野仙一,ほしの せんいち
野球選手の名前一覧,長嶋茂雄,ながしま しげお
野球選手の名前一覧,野村克也,のむら かつや
野球選手の名前一覧,金田正一,かねだ まさいち
野球選手の名前一覧,稲尾和久,いなお かずひさ
野球選手の名前一覧,米田哲也,よねだ てつや
野球選手の名前一覧,小山正明,こやま まさあき
野球選手の名前一覧,梶本隆夫,かじもと たかお
野球選手の名前一覧,皆川睦雄,みながわ むつお
野球選手の名前一覧,山内一弘,やまうち かずひろ
野球選手の名前一覧,広瀬叔功,ひろせ よしのり
野球選手の名前一覧,江藤愼一,えとう しんいち
野球選手の名前一覧,榎本喜八,えのもと きはち
小説に登場する人物の名前一覧,犀川創平,さいかわ そうへい
小説に登場する人物の名前一覧,栗原一止,くりはら いちと
小説に登場する人物の名前一覧,栗原榛名,くりはら はるな
小説に登場する人物の名前一覧,五浦大輔,ごうら だいすけ
小説に登場する人物の名前一覧,篠川栞子,しのかわ しおりこ
小説に登場する人物の名前一覧,草薙俊平,くさなぎ しゅんぺい
テレビドラマ・映画に登場する人物の名前一覧,雨宮舞子,あまみや まいこ(松たか子)
テレビドラマ・映画に登場する人物の名前一覧,中村美鈴,なかむら みすず(大塚寧々)
テレビドラマ・映画に登場する人物の名前一覧,江上達夫,えがみ たつお(勝村政信)
テレビドラマ・映画に登場する人物の名前一覧,遠藤賢司,えんどう けんじ(八嶋智人)
テレビドラマ・映画に登場する人物の名前一覧,末次隆之,すえつぐ たかゆき(小日向文世)
テレビドラマ・映画に登場する人物の名前一覧,鍋島利光,なべしま としみつ(児玉清)
テレビドラマ・映画に登場する人物の名前一覧,麻木千佳,あさぎ ちか(北川景子)
テレビドラマ・映画に登場する人物の名前一覧,田村雅史,たむ まさし(杉本哲太)
テレビドラマ・映画に登場する人物の名前一覧,宇野大介,うの だいすけ(濱田岳)
テレビドラマ・映画に登場する人物の名前一覧,馬場礼子,ばば れいこ(吉田羊)
テレビドラマ・映画に登場する人物の名前一覧,井戸秀二,いど しゅうじ(正名僕蔵)
テレビドラマ・映画に登場する人物の名前一覧,夏井真琴,なつい まこと(石原さとみ)
テレビドラマ・映画に登場する人物の名前一覧,澤木千尋,さわき ちひろ(石原さとみ)
テレビドラマ・映画に登場する人物の名前一覧,萩尾沙絵,はぎお さえ(柴咲コウ)
テレビドラマ・映画に登場する人物の名前一覧,高木真帆,たかぎ まほ(小西真奈美)
テレビドラマ・映画に登場する人物の名前一覧,相田翔平,あいだ しょうへい(成宮寛貴)
テレビドラマ・映画に登場する人物の名前一覧,矢嶋啓太,やしま けいた(瑛太)
テレビドラマ・映画に登場する人物の名前一覧,黛真知子,まゆずみ まちこ(新垣結衣)
テレビドラマ・映画に登場する人物の名前一覧,沢地君江,さわち きみえ(小池栄子)
テレビドラマ・映画に登場する人物の名前一覧,羽生晴樹,はにゅう はるき(岡田将生)
テレビドラマ・映画に登場する人物の名前一覧,桑野信介,くわの しんすけ(阿部寛)
テレビドラマ・映画に登場する人物の名前一覧,早坂夏美,はやさか なつみ(夏川結衣)
テレビドラマ・映画に登場する人物の名前一覧,沢崎摩耶,さわざき まや(高島礼子)
テレビドラマ・映画に登場する人物の名前一覧,村上英治,むらかみ えいじ(塚本高史)
テレビドラマ・映画に登場する人物の名前一覧,桑野育代,くわの いくよ(草笛光子)
テレビドラマ・映画に登場する人物の名前一覧,西村千鶴,にしむら ちづる(SHEILA)
テレビドラマ・映画に登場する人物の名前一覧,金田裕之,かねだ ひろゆき(高知東生)
テレビドラマ・映画に登場する人物の名前一覧,吉川沙織,よしかわ さおり(さくら)
テレビドラマ・映画に登場する人物の名前一覧,本宮籐子,もとみや とうこ(深津絵里)
テレビドラマ・映画に登場する人物の名前一覧,木村壮吾,きむら そうご(坂口憲二)
テレビドラマ・映画に登場する人物の名前一覧,倉持春菜,くらもち はるな(矢田亜希子)
テレビドラマ・映画に登場する人物の名前一覧,吉武宣夫,よしたけ のぶお(西村雅彦)
テレビドラマ・映画に登場する人物の名前一覧,神野桜子,じんの さくらこ(松嶋菜々子)
テレビドラマ・映画に登場する人物の名前一覧,中原欧介,なかはら おうすけ(堤真一)
テレビドラマ・映画に登場する人物の名前一覧,塩田若葉,しおた わかば(矢田亜希子)
テレビドラマ・映画に登場する人物の名前一覧,奥山なみ,おくやま なみ(須藤理彩)
テレビドラマ・映画に登場する人物の名前一覧,東十条司,ひがしじゅうじょう つかさ(東幹久)
テレビドラマ・映画に登場する人物の名前一覧,榎戸幹雄,えのきど みきお(平岡祐太)
テレビドラマ・映画に登場する人物の名前一覧,多田哲也,ただ てつや(藤木直人)
テレビドラマ・映画に登場する人物の名前一覧,緒川歩実,おがわ あゆみ(柴咲コウ)
テレビドラマ・映画に登場する人物の名前一覧,香田一樹,こうだ かずき(堤真一)
テレビドラマ・映画に登場する人物の名前一覧,阿部貴之,あべ たかゆき(要潤)
テレビドラマ・映画に登場する人物の名前一覧,新海良治,しんかい りょうじ(いかりや長介)
テレビドラマ・映画に登場する人物の名前一覧,鍋島権造,なべしま ごんぞう(若林豪)
テレビドラマ・映画に登場する人物の名前一覧,矢崎修史,やざき しゅうじ(森田剛)
テレビドラマ・映画に登場する人物の名前一覧,笹本絵里,ささもと えり(真木よう子)
テレビドラマ・映画に登場する人物の名前一覧,石田光男,いしだ みつお(神尾佑)
テレビドラマ・映画に登場する人物の名前一覧,山本隆文,やまもと たかふみ(松尾諭)
テレビドラマ・映画に登場する人物の名前一覧,田中一郎,たなか いちろう(野間口徹)
テレビドラマ・映画に登場する人物の名前一覧,佐伯広斗,さえき ひろと(三浦春馬)
テレビドラマ・映画に登場する人物の名前一覧,武内美樹,たけのうち みき(大塚寧々)
テレビドラマ・映画に登場する人物の名前一覧,武内公平,たけのうち こうへい(遠藤章造)
テレビドラマ・映画に登場する人物の名前一覧,藍沢耕作,あいざわ こうさく(山下智久)
テレビドラマ・映画に登場する人物の名前一覧,藤川一男,ふじかわ かずお(浅利陽介)
テレビドラマ・映画に登場する人物の名前一覧,三井環奈,みつい かんな(りょう)
テレビドラマ・映画に登場する人物の名前一覧,黒田脩二,くろだ しゅうじ(柳葉敏郎)
テレビドラマ・映画に登場する人物の名前一覧,北村詩織,きたむら しおり(竹内結子)
テレビドラマ・映画に登場する人物の名前一覧,楠真知子,くすのき まちこ(松坂慶子)
テレビドラマ・映画に登場する人物の名前一覧,伊良部譲,いらぶ じょう(永山絢斗)
テレビドラマ・映画に登場する人物の名前一覧,瀬名秀俊,せな ひでとし(木村拓哉)
テレビドラマ・映画に登場する人物の名前一覧,葉山真二,はやま しんじ(竹野内豊)
テレビドラマ・映画に登場する人物の名前一覧,奥沢涼子,おくさわ りょうこ(松たか子)
テレビドラマ・映画に登場する人物の名前一覧,斉藤貴子,さいとう たかこ(広末涼子)
テレビドラマ・映画に登場する人物の名前一覧,杉崎哲也,すぎさき てつや(豊原功補)
テレビドラマ・映画に登場する人物の名前一覧,三厨朝日,みくりや あさひ(山下智久)
テレビドラマ・映画に登場する人物の名前一覧,一倉香澄,いちくら かすみ(長澤まさみ)
テレビドラマ・映画に登場する人物の名前一覧,鈴木島男,すずき しまお(草彅剛)
テレビドラマ・映画に登場する人物の名前一覧,白川香織,しらかわ かおり(松下奈緒)
テレビドラマ・映画に登場する人物の名前一覧,桐野七海,きりの ななみ(和久井映見)
テレビドラマ・映画に登場する人物の名前一覧,安藤龍太,あんどう りゅうた(山本耕史)
テレビドラマ・映画に登場する人物の名前一覧,藤井裕美,ふじい ひろみ(滝沢沙織)
テレビドラマ・映画に登場する人物の名前一覧,桐谷修二,きりたに しゅうじ(亀梨和也)
テレビドラマ・映画に登場する人物の名前一覧,小谷信子,こたに のぶこ(堀北真希)
テレビドラマ・映画に登場する人物の名前一覧,赤名リカ,あかな りか(鈴木保奈美)
テレビドラマ・映画に登場する人物の名前一覧,永尾完治,ながお かんじ(織田裕二)
テレビドラマ・映画に登場する人物の名前一覧,三上健一,みかみ けんいち(江口洋介)
テレビドラマ・映画に登場する人物の名前一覧,道明寺司,どうみょうじ つかさ(松本潤)
テレビドラマ・映画に登場する人物の名前一覧,大河原滋,おおかわはら しげる(加藤夏希)
テレビドラマ・映画に登場する人物の名前一覧,千秋真一,ちあき しんいち(玉木宏)
テレビドラマ・映画に登場する人物の名前一覧,峰龍太郎,みね りゅうたろう(瑛太)
テレビドラマ・映画に登場する人物の名前一覧,奥山真澄,おくやま ますみ(小出恵介)
テレビドラマ・映画に登場する人物の名前一覧,三木清良,みき きよら(水川あさみ)
テレビドラマ・映画に登場する人物の名前一覧,黒木泰則,くろき やすのり(福士誠治)
テレビドラマ・映画に登場する人物の名前一覧,江藤耕造,えとう こうぞう(豊原功補)
テレビドラマ・映画に登場する人物の名前一覧,佐久間学,さくま まなぶ(及川光博)
テレビドラマ・映画に登場する人物の名前一覧,瀬川悠人,せがわ ゆうと(伊藤隆大)
テレビドラマ・映画に登場する人物の名前一覧,黒沼爽子,くろぬま さわこ(多部未華子)
テレビドラマ・映画に登場する人物の名前一覧,風早翔太,かぜはや しょうた(三浦春馬)
テレビドラマ・映画に登場する人物の名前一覧,吉田千鶴,よしだ ちづる(蓮佛美沙子)
テレビドラマ・映画に登場する人物の名前一覧,胡桃沢梅,くるみざわ うめ(桐谷美玲)
テレビドラマ・映画に登場する人物の名前一覧,三浦健人,みうら けんと
テレビドラマ・映画に登場する人物の名前一覧,荒井一市,あらい かずいち(ARATA)
テレビドラマ・映画に登場する人物の名前一覧,吉岡双葉,よしおか ふたば(本田翼)
テレビドラマ・映画に登場する人物の名前一覧,槙田悠里,まきた ゆうり(藤本泉)
テレビドラマ・映画に登場する人物の名前一覧,村尾修子,むらお しゅうこ(新川優愛)
テレビドラマ・映画に登場する人物の名前一覧,小湊亜耶,こみなと あや(吉沢亮)
テレビドラマ・映画に登場する人物の名前一覧,田中陽一,たなか よういち(小柳友)
テレビドラマ・映画に登場する人物の名前一覧,菊池冬馬,きくち とうま(千葉雄大)
テレビドラマ・映画に登場する人物の名前一覧,高野誠一,たかの せいいち(藤木直人)
テレビドラマ・映画に登場する人物の名前一覧,三枝優華,さえぐさ ゆうか(国仲涼子)
テレビドラマ・映画に登場する人物の名前一覧,神宮司要,じんぐうじ かなめ(武田真治)
テレビドラマ・映画に登場する人物の名前一覧,桜木建二,さくらぎ けんじ(阿部寛)
テレビドラマ・映画に登場する人物の名前一覧,矢島勇介,やじま ゆうすけ(山下智久)
テレビドラマ・映画に登場する人物の名前一覧,水野直美,みずの なおみ(長澤まさみ)
テレビドラマ・映画に登場する人物の名前一覧,奥野一郎,おくの いちろう(中尾明慶)
テレビドラマ・映画に登場する人物の名前一覧,緒方英喜,おがた ひでき(小池徹平)
テレビドラマ・映画に登場する人物の名前一覧,小林麻紀,こばやし まき(サエコ)
テレビドラマ・映画に登場する人物の名前一覧,栗山祥太,くりやま しょうた(橋爪遼)
テレビドラマ・映画に登場する人物の名前一覧,青石花笑,あおいし はなえ(綾瀬はるか)
テレビドラマ・映画に登場する人物の名前一覧,真城最高,ましろ もりたか(佐藤健)
テレビドラマ・映画に登場する人物の名前一覧,高木秋人,たかぎ あきと(神木隆之介)
テレビドラマ・映画に登場する人物の名前一覧,亜豆美保,あずき みほ(小松菜奈)
テレビドラマ・映画に登場する人物の名前一覧,福田真太,ふくだ しんた(桐谷健太)
テレビドラマ・映画に登場する人物の名前一覧,磯山香織,いそやま かおり(成海璃子)
テレビドラマ・映画に登場する人物の名前一覧,西荻早苗,にしおぎ さなえ(北乃きい)
ボクシング世界王座の名前一覧,井上尚弥,いのうえ なおや(WBC世界ライトフライ級王者)
ボクシング世界王座の名前一覧,亀田和毅,かめだ ともき(WBO世界バンタム級王者)
ボクシング世界王座の名前一覧,山中慎介,やまなか しんすけ(WBC世界バンタム級王者)
ボクシング世界王座の名前一覧,井岡一翔,いおか かずと(WBA世界ミニマム級王者)
ボクシング世界王座の名前一覧,八重樫東,やえがし あきら(WBA世界ミニマム級王者)
ボクシング世界王座の名前一覧,亀田興毅,かめだ こうき(WBA世界ライトフライ級王者)
ボクシング世界王座の名前一覧,亀田大毅,かめだ だいき(WBA世界フライ級王者)
ボクシング世界王座の名前一覧,坂田健史,さかた たけふみ(WBA世界フライ級王者)
ボクシング世界王座の名前一覧,名城信男,なしろ のぶお(WBA世界スーパーフライ級王者)
ボクシング世界王座の名前一覧,河野公平,こうの こうへい(WBA世界スーパーフライ級王者)
ボクシング世界王座の名前一覧,江藤光喜,えとう こうき(WBA世界フライ級暫定王者)
ボクシング世界王座の名前一覧,三浦隆司,みうら たかし(WBC世界スーパーフェザー級王者)
ボクシング世界王座の名前一覧,下田昭文,しもだ あきふみ(WBA世界スーパーバンタム級王者)
ボクシング世界王座の名前一覧,佐藤洋太,さとう ようた(WBC世界スーパーフライ級王者)
ボクシング世界王座の名前一覧,粟生隆寛,あおう たかひろ(WBC世界スーパーフェザー級王者)
ボクシング世界王座の名前一覧,小堀佑介,こぼり ゆうすけ(WBA世界ライト級王者)
ボクシング世界王座の名前一覧,高山勝成,たかやま かつなり(WBC世界ミニマム級王者)
ボクシング世界王座の名前一覧,内藤大助,ないとう だいすけ(WBC世界フライ級王者)
ボクシング世界王座の名前一覧,内山高志,うちやま たかし(WBA世界スーパーフェザー級王者)
ボクシング世界王座の名前一覧,畑山隆則,はたけやま たかのり(WBA世界スーパーフェザー級王者)
ボクシング世界王座の名前一覧,鬼塚勝也,おにづか かつや(WBA世界スーパーフライ級王者)
ボクシング世界王座の名前一覧,竹原慎二,たけはら しんじ(WBA世界ミドル級王者)
ボクシング世界王座の名前一覧,石田順裕,いしだ のぶひろ(WBA世界スーパーウェルター級暫定王者)
ボクシング世界王座の名前一覧,西岡利晃,にしおか としあき(WBC世界スーパーバンタム級王者)
ボクシング世界王座の名前一覧,越本隆志,こしもと たかし(WBC世界フェザー級王者)
作家・小説家(女性)の名前一覧,綿矢りさ,わたや りさ
作家・小説家(女性)の名前一覧,辻村深月,つじむら みづき
作家・小説家(女性)の名前一覧,桜庭一樹,さくらば かずき
作家・小説家(女性)の名前一覧,西加奈子,にし かなこ
作家・小説家(女性)の名前一覧,湊かなえ,みなと かなえ
作家・小説家(女性)の名前一覧,井上荒野,いのうえ あれの
作家・小説家(女性)の名前一覧,江國香織,えくに かおり
作家・小説家(女性)の名前一覧,小川洋子,おがわ ようこ
作家・小説家(女性)の名前一覧,角田光代,かくた みつよ
作家・小説家(女性)の名前一覧,乃南アサ,のなみ あさ
作家・小説家(女性)の名前一覧,村山由佳,むらやま ゆか
作家・小説家(女性)の名前一覧,新井素子,あらい もとこ
作家・小説家(女性)の名前一覧,川上弘美,かわかみ ひろみ
作家・小説家(女性)の名前一覧,桐野夏生,きりの なつお
作家・小説家(女性)の名前一覧,梨木香歩,なしき かほ
作家・小説家(女性)の名前一覧,林真理子,はやし まりこ
作家・小説家(女性)の名前一覧,群ようこ,むれ ようこ
作家・小説家(女性)の名前一覧,山田詠美,やまだ えいみ
作家・小説家(女性)の名前一覧,篠田節子,しのだ せつこ
作家・小説家(女性)の名前一覧,矢口敦子,やぐち あつこ
作家・小説家(女性)の名前一覧,夏樹静子,なつき しずこ
作家・小説家(女性)の名前一覧,平岩弓枝,ひらいわ ゆみえ
作家・小説家(女性)の名前一覧,安西篤子,あんざい あつこ
作家・小説家(女性)の名前一覧,田辺聖子,たなべ せいこ
作家・小説家(女性)の名前一覧,三浦綾子,みうら あやこ
作家・小説家(女性)の名前一覧,山崎豊子,やまさき とよこ
作家・小説家(女性)の名前一覧,樋口一葉,ひぐち いちよう
漫画家(女性)の名前一覧,椎名軽穂,しいな かるほ(君に届け)
漫画家(女性)の名前一覧,緑川ゆき,みどりかわ ゆき(夏目友人帳)
漫画家(女性)の名前一覧,末次由紀,すえつぐ ゆき(ちはやふる)
漫画家(女性)の名前一覧,武内直子,たけうち なおこ(美少女戦士セーラームーン)
漫画家(女性)の名前一覧,矢沢あい,やざわ あい(NANA -ナナ-)
漫画家(女性)の名前一覧,神尾葉子,かみお ようこ(花より男子)
漫画家(女性)の名前一覧,有吉京子,ありよし きょうこ(SWAN)
漫画家(女性)の名前一覧,小椋冬美,おぐら ふゆみ(夢で逢えたら)
漫画家(女性)の名前一覧,柴門ふみ,さいもん ふみ(東京ラブストーリー)
漫画家(女性)の名前一覧,村生ミオ,むらお みお(胸さわぎの放課後)
漫画家(女性)の名前一覧,萩尾望都,はぎお もと(ポーの一族)
漫画家(女性)の名前一覧,大和和紀,やまと わき(はいからさんが通る)
漫画家(女性)の名前一覧,咲坂伊緒,さきさか いお(アオハライド)
モーニング娘。の名前一覧,飯田圭織,いいだ かおり
モーニング娘。の名前一覧,中澤裕子,なかざわ ゆうこ
モーニング娘。の名前一覧,矢口真里,やぐち まり
モーニング娘。の名前一覧,後藤真希,ごとう まき
モーニング娘。の名前一覧,加護亜依,かご あい
モーニング娘。の名前一覧,石川梨華,いしかわ りか
モーニング娘。の名前一覧,小川麻琴,おがわ まこと
モーニング娘。の名前一覧,新垣里沙,にいがき りさ
モーニング娘。の名前一覧,亀井絵里,かめい えり
モーニング娘。の名前一覧,藤本美貴,ふじもと みき
モーニング娘。の名前一覧,久住小春,くすみ こはる
モーニング娘。の名前一覧,光井愛佳,みつい あいか
モーニング娘。の名前一覧,リンリン,りんりん
モーニング娘。の名前一覧,鈴木香音,すずき かのん
モーニング娘。の名前一覧,鞘師里保,さやし りほ
モーニング娘。の名前一覧,譜久村聖,ふくむら みずき
モーニング娘。の名前一覧,佐藤優樹,さとう まさき
モーニング娘。の名前一覧,飯窪春菜,いいくぼ はるな
モーニング娘。の名前一覧,羽賀朱音,はが あかね
モーニング娘。の名前一覧,尾形春水,おがた はるな
モーニング娘。の名前一覧,野中美希,のなか みき
お笑い芸人・タレント(男性)の名前一覧,中田敦彦,なかた あつひこ(オリエンタルラジオ)
お笑い芸人・タレント(男性)の名前一覧,藤森慎吾,ふじもり しんご(オリエンタルラジオ)
お笑い芸人・タレント(男性)の名前一覧,井上裕介,いのうえ ゆうすけ(NON STYLE)
お笑い芸人・タレント(男性)の名前一覧,徳井健太,とくい けんた(平成ノブシコブシ)
お笑い芸人・タレント(男性)の名前一覧,又吉直樹,またよし なおき(ピース)
お笑い芸人・タレント(男性)の名前一覧,川島章良,かわしま あきよし(はんにゃ)
お笑い芸人・タレント(男性)の名前一覧,原田泰造,はらだ たいぞう(ネプチューン)
お笑い芸人・タレント(男性)の名前一覧,宮迫博之,みやさこ ひろゆき(雨上がり決死隊)
お笑い芸人・タレント(男性)の名前一覧,上田晋也,うえだ しんや(くりぃむしちゅー)
お笑い芸人・タレント(男性)の名前一覧,有田哲平,ありた てっぺい(くりぃむしちゅー)
お笑い芸人・タレント(男性)の名前一覧,有吉弘行,ありよし ひろいき
お笑い芸人・タレント(男性)の名前一覧,庄司智春,しょうじ ともはる(品川庄司)
お笑い芸人・タレント(男性)の名前一覧,中川礼二,なかがわ れいじ(中川家)
お笑い芸人・タレント(男性)の名前一覧,小木博明,おぎ ひろあき(おぎやはぎ)
お笑い芸人・タレント(男性)の名前一覧,岡村隆史,おかむら たかし(ナインティナイン)
お笑い芸人・タレント(男性)の名前一覧,矢部浩之,やべ ひろゆき(ナインティナイン)
お笑い芸人・タレント(男性)の名前一覧,遠藤章造,えんどう しょうぞう(ココリコ)
お笑い芸人・タレント(男性)の名前一覧,田中直樹,たなか なおき(ココリコ)
お笑い芸人・タレント(男性)の名前一覧,鈴木任紀,すずき ひでき(キャイ～ン
お笑い芸人・タレント(男性)の名前一覧,天野博之,あまの ひろゆき(キャイ～ン
お笑い芸人・タレント(男性)の名前一覧,藤本敏史,ふじもと としふみ(FUJIWARA)
お笑い芸人・タレント(男性)の名前一覧,原西孝幸,はらにし たかゆき(FUJIWARA)
お笑い芸人・タレント(男性)の名前一覧,千原浩史,ちはら こうじ(千原兄弟
お笑い芸人・タレント(男性)の名前一覧,千原靖史,ちはら せいじ(千原兄弟
お笑い芸人・タレント(男性)の名前一覧,徳井義実,とくい よしみ(チュートリアル)
お笑い芸人・タレント(男性)の名前一覧,福田充徳,ふくだ みつのり(チュートリアル)
お笑い芸人・タレント(男性)の名前一覧,伊達幹生,だて みきお(サンドウィッチマン
お笑い芸人・タレント(男性)の名前一覧,富澤岳史,とみざわ たけし(サンドウィッチマン
お笑い芸人・タレント(男性)の名前一覧,小杉竜一,こすぎ りゅういち(ブラックマヨネーズ)
お笑い芸人・タレント(男性)の名前一覧,陣内智則,じんない とものり
お笑い芸人・タレント(男性)の名前一覧,宮川大輔,みやがわ だいすけ
お笑い芸人・タレント(男性)の名前一覧,小籔千豊,こやぶ かずとよ
お笑い芸人・タレント(男性)の名前一覧,日村勇紀,ひむら ゆうき(バナナマン)
お笑い芸人・タレント(男性)の名前一覧,児嶋一哉,こじま かずや(アンジャッシュ)
お笑い芸人・タレント(男性)の名前一覧,鈴木崇大,すずき たかひろ(タカアンドトシ
お笑い芸人・タレント(男性)の名前一覧,三浦敏和,みうら としかず(タカアンドトシ
お笑い芸人・タレント(男性)の名前一覧,山里亮太,やまさと りょうた(南海キャンディーズ)
お笑い芸人・タレント(男性)の名前一覧,有野晋哉,ありの しんや(よゐこ)
お笑い芸人・タレント(男性)の名前一覧,木下隆行,きのした たかゆき(TKO)
お笑い芸人・タレント(男性)の名前一覧,木本武宏,きもと たけひろ(TKO)
お笑い芸人・タレント(男性)の名前一覧,竹山隆範,たけやま たかのり(カンニング竹山)
お笑い芸人・タレント(男性)の名前一覧,川島省吾,かわしま しょうご(劇団ひとり)
お笑い芸人・タレント(男性)の名前一覧,土田晃之,つちだ てるゆき
お笑い芸人・タレント(男性)の名前一覧,山崎弘也,やまざき ひろなり(アンタッチャブル)
お笑い芸人・タレント(男性)の名前一覧,塚地武雅,つかじ むが(ドランクドラゴン)
お笑い芸人・タレント(男性)の名前一覧,秋山竜次,あきやま りゅうじ(ロバート)
お笑い芸人・タレント(男性)の名前一覧,馬場裕之,ばば ひろゆき(ロバート)
お笑い芸人・タレント(男性)の名前一覧,若林正恭,わかばやし まさやす(オードリー)
お笑い芸人・タレント(男性)の名前一覧,春日俊彰,かすが としあき(オードリー)
お笑い芸人・タレント(男性)の名前一覧,田中卓志,たなか たくし(アンガールズ)
お笑い芸人・タレント(男性)の名前一覧,山根良顕,やまね よしあき(アンガールズ)
お笑い芸人・タレント(男性)の名前一覧,綾部祐二,あやべ ゆうじ(ピース)
お笑い芸人・タレント(男性)の名前一覧,浜田雅功,はまだ まさとし(ダウンタウン)
お笑い芸人・タレント(男性)の名前一覧,松本人志,まつもと ひとし(ダウンタウン)
お笑い芸人・タレント(男性)の名前一覧,石橋貴明,いしばし たかあき(とんねるず)
お笑い芸人・タレント(男性)の名前一覧,木梨憲武,きなし のりたけ(とんねるず)
お笑い芸人・タレント(男性)の名前一覧,内村光良,うちむら てるよし(ウッチャンナンチャン)
お笑い芸人・タレント(男性)の名前一覧,南原清隆,なんばら きよたか(ウッチャンナンチャン)
お笑い芸人・タレント(男性)の名前一覧,上島竜兵,うえしま りゅうへい(ダチョウ倶楽部)
お笑い芸人・タレント(男性)の名前一覧,石塚英彦,いしづか ひでひこ(ホンジャマカ)
お笑い芸人・タレント(男性)の名前一覧,山崎邦正,やまさき ほうせい(現：月亭方正)
お笑い芸人・タレント(男性)の名前一覧,三村勝和,みむら まさかず(さまぁ～ず
お笑い芸人・タレント(男性)の名前一覧,大竹一樹,おおたけ かずき(さまぁ～ず)
お笑い芸人・タレント(男性)の名前一覧,出川哲朗,でがわ てつろう
お笑い芸人・タレント(男性)の名前一覧,今田耕司,いまだ こうじ
お笑い芸人・タレント(男性)の名前一覧,東野幸治,ひがしの こうじ
お笑い芸人・タレント(男性)の名前一覧,田中裕二,たなか ゆうじ(爆笑問題)
お笑い芸人・タレント(男性)の名前一覧,勝俣州和,かつまた くにかず
お笑い芸人・タレント(男性)の名前一覧,加藤浩次,かとう こうじ
お笑い芸人・タレント(男性)の名前一覧,志村けん,しむら けん
お笑い芸人・タレント(男性)の名前一覧,小堺一機,こさかい かずき
お笑い芸人・タレント(男性)の名前一覧,萩本欽一,はぎもと きんいち
お笑い芸人・タレント(男性)の名前一覧,森田一義,もりた かずよし(タモリ)
お笑い芸人・タレント(男性)の名前一覧,高田純次,たかだ じゅんじ
お笑い芸人・タレント(女性)の名前一覧,渡辺直美,わたなべ なおみ
お笑い芸人・タレント(女性)の名前一覧,大島美幸,おおしま みゆき(森三中)
お笑い芸人・タレント(女性)の名前一覧,村上知子,むらかみ ともこ(森三中)
お笑い芸人・タレント(女性)の名前一覧,馬場園梓,ばばぞの あづさ(アジアン)
お笑い芸人・タレント(女性)の名前一覧,近藤春菜,こんどう はるな(ハリセンボン)
お笑い芸人・タレント(女性)の名前一覧,光浦靖子,みつうら やすこ(オアシズ)
お笑い芸人・タレント(女性)の名前一覧,松嶋尚美,まつしま なほみ
お笑い芸人・タレント(女性)の名前一覧,山田花子,やまだ はなこ
お笑い芸人・タレント(女性)の名前一覧,隅田美保,すみだ みほ(アジアン)
お笑い芸人・タレント(女性)の名前一覧,伊藤麻子,いとう あさこ(いとうあさこ)
お笑い芸人・タレント(女性)の名前一覧,山田邦子,やまだ くにこ
お笑い芸人・タレント(女性)の名前一覧,野沢直子,のざわ なおこ
お笑い芸人・タレント(女性)の名前一覧,久本雅美,ひさもと まさみ
映画監督・脚本家の名前一覧,石井裕也,いしい ゆうや
映画監督・脚本家の名前一覧,西川美和,にしかわ みわ
映画監督・脚本家の名前一覧,古沢良太,こさわ りょうた
映画監督・脚本家の名前一覧,庵野秀明,あんの ひであき
映画監督・脚本家の名前一覧,岩井俊二,いわい しゅんじ
映画監督・脚本家の名前一覧,是枝裕和,これえだ ひろかず
映画監督・脚本家の名前一覧,三池崇史,みいけ たかし
映画監督・脚本家の名前一覧,本広克行,もとひろ かつゆき
映画監督・脚本家の名前一覧,三谷幸喜,みたに こうき
映画監督・脚本家の名前一覧,河瀬直美,かわせ なおみ
映画監督・脚本家の名前一覧,犬童一心,いぬどう いっしん
映画監督・脚本家の名前一覧,野島伸司,のじま しんじ
映画監督・脚本家の名前一覧,大友克洋,おおとも かつひろ
映画監督・脚本家の名前一覧,周防正行,すお まさゆき
映画監督・脚本家の名前一覧,森田芳光,もりた よしみつ
映画監督・脚本家の名前一覧,大林宣彦,おおばやし のぶひこ
映画監督・脚本家の名前一覧,蜷川幸雄,にながわ ゆきお
映画監督・脚本家の名前一覧,深作欣二,ふかさく きんじ
映画監督・脚本家の名前一覧,山田洋次,やまだ ようじ
映画監督・脚本家の名前一覧,山田太一,やまだ たいち
映画監督・脚本家の名前一覧,今村昌平,いまむら しょうへい
NGT48(AKBグループ)の名前一覧,荻野由佳,おぎの ゆか
NGT48(AKBグループ)の名前一覧,小熊倫実,おぐま つぐみ
NGT48(AKBグループ)の名前一覧,角ゆりあ,かど ゆりあ
NGT48(AKBグループ)の名前一覧,加藤美南,かとう みなみ
NGT48(AKBグループ)の名前一覧,佐藤杏樹,さとう あんじゅ
NGT48(AKBグループ)の名前一覧,菅原りこ,すがはら りこ
NGT48(AKBグループ)の名前一覧,清司麗菜,せいじ れいな
NGT48(AKBグループ)の名前一覧,高倉萌香,たかくら もえか
NGT48(AKBグループ)の名前一覧,高橋真生,たかはし まう
NGT48(AKBグループ)の名前一覧,太野彩香,たの あやか
NGT48(AKBグループ)の名前一覧,中井りか,なかい りか
NGT48(AKBグループ)の名前一覧,中村歩加,なかむら あゆか
NGT48(AKBグループ)の名前一覧,奈良未遥,なら みはる
NGT48(AKBグループ)の名前一覧,本間日陽,ほんま ひなた
NGT48(AKBグループ)の名前一覧,水澤彩佳,みずさわ あやか
NGT48(AKBグループ)の名前一覧,宮島亜弥,みやじま あや
NGT48(AKBグループ)の名前一覧,村雲颯香,むらくも ふうか
NGT48(AKBグループ)の名前一覧,山口真帆,やまぐち まほ
NGT48(AKBグループ)の名前一覧,山田野絵,やまだ のえ
欅坂46の名前一覧,鈴木泉帆,すずき みずほ
欅坂46の名前一覧,小林由依,こばやし ゆい
欅坂46の名前一覧,今泉佑唯,いまいずみ ゆい
欅坂46の名前一覧,志田愛佳,しだ まなか
欅坂46の名前一覧,小池美波,こいけ みなみ
欅坂46の名前一覧,原田まゆ,はらだ まゆ
欅坂46の名前一覧,尾関梨香,おぜき りか
欅坂46の名前一覧,渡辺理佐,わたなべ りさ
欅坂46の名前一覧,織田奈那,おだ なな
欅坂46の名前一覧,鈴本美愉,すずもと みゆ
欅坂46の名前一覧,佐藤詩織,さとう しおり
欅坂46の名前一覧,上村莉菜,うえむら りな
欅坂46の名前一覧,土生瑞穗,はぶ みずほ
欅坂46の名前一覧,石森虹花,いしもり にじか
欅坂46の名前一覧,菅井友香,すがい ゆうか
欅坂46の名前一覧,渡辺梨加,わたなべ りか
女子サッカー選手の名前一覧,宮間あや,みやま あや
女子サッカー選手の名前一覧,岩清水梓,いわしみず あずさ
女子サッカー選手の名前一覧,阪口夢穂,さかぐち みずほ
女子サッカー選手の名前一覧,福元美穂,ふくもと みほ
卓球選手の名前一覧,岸川聖也,きしかわ せいや
卓球選手の名前一覧,丹羽孝希,にわ こうき
卓球選手の名前一覧,松平健太,まつだいら けんた
卓球選手の名前一覧,森薗政崇,もりぞの まさたか
卓球選手の名前一覧,石川佳純,いしかわ かすみ
卓球選手の名前一覧,福岡春菜,ふくおか はるな
卓球選手の名前一覧,伊藤美誠,いとう みま
卓球選手の名前一覧,平野美宇,ひらの みう
水泳・競泳選手(男性)の名前一覧,入江陵介,いりえ りょうすけ
水泳・競泳選手(男性)の名前一覧,萩野公介,はぎの こうすけ
水泳・競泳選手(男性)の名前一覧,瀬戸大也,せと だいや
水泳・競泳選手(男性)の名前一覧,堀畑裕也,ほりはた ゆうや
水泳・競泳選手(男性)の名前一覧,塩浦慎理,しおうら しんり
水泳・競泳選手(男性)の名前一覧,坂井聖人,さかい まさと
水泳・競泳選手(男性)の名前一覧,江原騎士,えはら ないと
水泳・競泳選手(男性)の名前一覧,小堀勇氣,こぼり ゆうき
水泳・競泳選手(男性)の名前一覧,北島康介,きたじま こうすけ
水泳・競泳選手(男性)の名前一覧,松田丈志,まつだ たけし
水泳・競泳選手(男性)の名前一覧,森田智己,もりた ともみ
水泳・競泳選手(男性)の名前一覧,奥村幸大,おくむら よしひろ
水泳・競泳選手(男性)の名前一覧,宮下純一,みやした じゅんいち
水泳・競泳選手(男性)の名前一覧,藤井拓郎,ふじい たくろう
水泳・競泳選手(男性)の名前一覧,佐藤久佳,さとう ひさよし
水泳・競泳選手(男性)の名前一覧,渡邉一樹,わたなべ かずき
水泳・競泳選手(男性)の名前一覧,古賀淳也,こが じゅんや
水泳・競泳選手(男性)の名前一覧,山本貴司,やまもと たかし
水泳・競泳選手(男性)の名前一覧,鈴木大地,すずき だいち
水泳・競泳選手(女性)の名前一覧,鈴木聡美,すずき さとみ
水泳・競泳選手(女性)の名前一覧,星奈津美,ほし なつみ
水泳・競泳選手(女性)の名前一覧,柴田亜衣,しばた あい
水泳・競泳選手(女性)の名前一覧,金藤理絵,かねとう りえ
水泳・競泳選手(女性)の名前一覧,中村礼子,なかむら れいこ
水泳・競泳選手(女性)の名前一覧,中西悠子,なかにし ゆうこ
水泳・競泳選手(女性)の名前一覧,北川麻美,きたがわ あさみ
水泳・競泳選手(女性)の名前一覧,上田春佳,うえだ はるか
水泳・競泳選手(女性)の名前一覧,永井奉子,ながい ともこ
水泳・競泳選手(女性)の名前一覧,田島寧子,たじま やすこ
水泳・競泳選手(女性)の名前一覧,萩原智子,はぎわら ともこ
水泳・競泳選手(女性)の名前一覧,岩崎恭子,いわさき きょうこ
水泳・競泳選手(女性)の名前一覧,田中雅美,たなか まさみ
水泳・競泳選手(女性)の名前一覧,大西順子,おおにし じゅんこ
水泳・競泳選手(女性)の名前一覧,中村真衣,なかむら まい
水泳・競泳選手(女性)の名前一覧,中尾美樹,なかお みき
水泳・競泳選手(女性)の名前一覧,稲田法子,いなだ のりこ
水泳・競泳選手(女性)の名前一覧,三宅愛子,みやけ あいこ
水泳・競泳選手(女性)の名前一覧,千葉すず,ちば すず
ノーベル賞受賞者の名前一覧,湯川秀樹,ゆかわ ひでき
ノーベル賞受賞者の名前一覧,小柴昌俊,こしば まさとし
ノーベル賞受賞者の名前一覧,益川敏英,ますかわ としひで
ノーベル賞受賞者の名前一覧,中村修二,なかむら しゅうじ
ノーベル賞受賞者の名前一覧,福井謙一,ふくい けんいち
ノーベル賞受賞者の名前一覧,白川英樹,しらかわ ひでき
ノーベル賞受賞者の名前一覧,野依良治,のより りょうじ
ノーベル賞受賞者の名前一覧,田中耕一,たなか こういち
ノーベル賞受賞者の名前一覧,根岸英一,ねぎし えいいち
ノーベル賞受賞者の名前一覧,利根川進,とねがわ すすむ
ノーベル賞受賞者の名前一覧,山中伸弥,やまなか しんや
ノーベル賞受賞者の名前一覧,川端康成,かわばた やすなり
ノーベル賞受賞者の名前一覧,佐藤栄作,さとう えいさく
内閣総理大臣の名前一覧,伊藤博文,いとう ひろぶみ(1代)
内閣総理大臣の名前一覧,黒田清隆,くろだ きよたか(2代)
内閣総理大臣の名前一覧,山縣有朋,やまがた ありとも(3代)
内閣総理大臣の名前一覧,松方正義,まつかた まさよし(4代)
内閣総理大臣の名前一覧,伊藤博文,いとう ひろぶみ(5代)
内閣総理大臣の名前一覧,松方正義,まつかた まさよし(6代)
内閣総理大臣の名前一覧,伊藤博文,いとう ひろぶみ(7代)
内閣総理大臣の名前一覧,大隈重信,おおくま しげのぶ(8代)
内閣総理大臣の名前一覧,山縣有朋,やまがた ありとも(9代)
内閣総理大臣の名前一覧,伊藤博文,いとう ひろぶみ(10代)
内閣総理大臣の名前一覧,大隈重信,おおくま しげのぶ(17代)
内閣総理大臣の名前一覧,寺内正毅,てらうち まさたけ(18代)
内閣総理大臣の名前一覧,高橋是清,たかはし これきよ(20代)
内閣総理大臣の名前一覧,清浦奎吾,きようら けいご(23代)
内閣総理大臣の名前一覧,加藤高明,かとう たかあき(24代)
内閣総理大臣の名前一覧,田中義一,たなか ぎいち(26代)
内閣総理大臣の名前一覧,濱口雄幸,はまぐち おさち(27代)
内閣総理大臣の名前一覧,岡田啓介,おかだ けいすけ(31代)
内閣総理大臣の名前一覧,広田弘毅,ひろた こうき(32代)
内閣総理大臣の名前一覧,林銑十郎,はやし せんじゅうろう(33代)
内閣総理大臣の名前一覧,近衛文麿,このえ ふみまろ(34代)
内閣総理大臣の名前一覧,阿部信行,あべ のぶゆき(36代)
内閣総理大臣の名前一覧,米内光政,よない みつまさ(37代)
内閣総理大臣の名前一覧,近衛文麿,このえ ふみまろ(38代)
内閣総理大臣の名前一覧,近衛文麿,このえ ふみまろ(39代)
内閣総理大臣の名前一覧,東條英機,とうじょう ひでき(40代)
内閣総理大臣の名前一覧,小磯國昭,こいそ くにあき(41代)
内閣総理大臣の名前一覧,鳩山一郎,はとやま いちろう(52代)
内閣総理大臣の名前一覧,鳩山一郎,はとやま いちろう(53代)
内閣総理大臣の名前一覧,鳩山一郎,はとやま いちろう(54代)
内閣総理大臣の名前一覧,石橋湛山,いしばし たんざん(55代)
内閣総理大臣の名前一覧,池田勇人,いけだ はやと(58代)
内閣総理大臣の名前一覧,池田勇人,いけだ はやと(59代)
内閣総理大臣の名前一覧,池田勇人,いけだ はやと(60代)
内閣総理大臣の名前一覧,佐藤栄作,さとう えいさく(61代)
内閣総理大臣の名前一覧,佐藤栄作,さとう えいさく(62代)
内閣総理大臣の名前一覧,佐藤栄作,さとう えいさく(63代)
内閣総理大臣の名前一覧,田中角栄,たなか かくえい(64代)
内閣総理大臣の名前一覧,田中角栄,たなか かくえい(65代)
内閣総理大臣の名前一覧,三木武夫,みき たけお(66代)
内閣総理大臣の名前一覧,福田赳夫,ふくだ たけお(67代)
内閣総理大臣の名前一覧,大平正芳,おおひら まさよし(68代)
内閣総理大臣の名前一覧,大平正芳,おおひら まさよし(69代)
内閣総理大臣の名前一覧,鈴木善幸,すずき ぜんこうし(70代)
内閣総理大臣の名前一覧,宇野宗佑,うの そうすけ(75代)
内閣総理大臣の名前一覧,海部俊樹,かいふ としき(76代)
内閣総理大臣の名前一覧,海部俊樹,かいふ としき(77代)
内閣総理大臣の名前一覧,宮澤喜一,みやざわ きいち(78代)
内閣総理大臣の名前一覧,細川護熙,ほそかわ もりひろ(79代)
内閣総理大臣の名前一覧,村山富市,むらやま とみいち(81代)
内閣総理大臣の名前一覧,小渕恵三,おぶち けいぞう(84代)
内閣総理大臣の名前一覧,安倍晋三,あべ しんぞう(90代)
内閣総理大臣の名前一覧,福田康夫,ふくだ やすお(91代)
内閣総理大臣の名前一覧,麻生太郎,ふくだ やすお(92代)
内閣総理大臣の名前一覧,野田佳彦,のだ よしひこ(95代)
内閣総理大臣の名前一覧,安倍晋三,あべ しんぞう(96代)
内閣総理大臣の名前一覧,安倍晋三,あべ しんぞう(97代)
欅坂46の名前一覧,石森虹花,いしもり にじか
欅坂46の名前一覧,今泉佑唯,いまいずみ ゆい
欅坂46の名前一覧,上村莉菜,うえむら りな
欅坂46の名前一覧,尾関梨香,おぜき りか
欅坂46の名前一覧,織田奈那,おだ なな
欅坂46の名前一覧,小池美波,こいけ みなみ
欅坂46の名前一覧,小林由依,こばやし ゆい
欅坂46の名前一覧,佐藤詩織,さとう しおり
欅坂46の名前一覧,志田愛佳,しだ まなか
欅坂46の名前一覧,菅井友香,すがい ゆうか
欅坂46の名前一覧,鈴本美愉,すずもと みゆ
欅坂46の名前一覧,土生瑞穂,はぶ みづほ
欅坂46の名前一覧,渡辺梨加,わたなべ りか
欅坂46の名前一覧,渡邉理佐,わたなべ りさ
欅坂46の名前一覧,長濱ねる,ながはま ねる
欅坂46の名前一覧,原田まゆ,はらだ まゆ
欅坂46の名前一覧,長濱ねる,ながはま ねる
欅坂46の名前一覧,井口眞緒,いぐち まお
欅坂46の名前一覧,潮紗理菜,うしお さりな
欅坂46の名前一覧,柿崎芽実,かきざき めみ
欅坂46の名前一覧,影山優佳,かげやま ゆうか
欅坂46の名前一覧,加藤史帆,かとう しほ
欅坂46の名前一覧,齊藤京子,さいとう きょうこ
欅坂46の名前一覧,高瀬愛奈,たかせ まな
欅坂46の名前一覧,高本彩花,たかもと あやか
欅坂46の名前一覧,東村芽依,ひがしむら めい
声優(男性)の名前一覧,松岡禎丞,まつおか よしつぐ
声優(男性)の名前一覧,細谷佳正,ほそや よしまさ
声優(男性)の名前一覧,神谷浩史,かみや ひろし
声優(男性)の名前一覧,鈴村健一,すずむら けんいち
声優(男性)の名前一覧,山寺宏一,やまでら こういち
声優(男性)の名前一覧,藤原啓治,ふじわら けいじ
声優(男性)の名前一覧,森川智之,もりかわ としゆき
声優(男性)の名前一覧,平田広明,ひらた ひろあき
声優(男性)の名前一覧,大塚明夫,おおつか あきお
声優(男性)の名前一覧,中尾隆聖,なかお りゅうせい
声優(男性)の名前一覧,大塚芳忠,おおつか ほうちゅう
声優(男性)の名前一覧,池田秀一,いけだ しゅういち
声優(男性)の名前一覧,永井一郎,ながい いちろう
声優(男性)の名前一覧,山田康雄,やまだ やすお
声優(男性)の名前一覧,小林清志,こばやし きよし
