name,reading,meaning
来意,らいい,１ 訪ねてきた目的。来訪の理由。２ 手紙の趣旨。
雷雨,らいう,雷鳴や電光を伴って降る雨。夏の強い日ざしにより発生する熱雷，前線付近に発生する界雷，低気圧や台風などに関係する渦雷(うずらい)がある。強い上昇流によって成長した大粒の雨や時にはひょうが降ることがある。
雷雲,らいうん,電光，雷鳴，激しい雨または雪，ひょうをもたらす雲で，雄大積雲または積乱雲。雲頂の高さは数千mから１万m以上。その中に強い上昇気流が存在する。小さな雷雨セルからなり，それぞれの雷雨セルは上昇気流，下降気流をもつ対流系を形成している。
来演,らいえん,その土地に来て、劇の上演や音楽の演奏などをすること。
来往,らいおう,行ったり来たりすること。
雷火,らいか,１ いなびかり。２ 落雷による火事。
来賀,らいが,来て祝いを述べること。
来会,らいかい,集会・会合などに集まって来ること。
来観,らいかん,来て見物すること。行事や催し物などを見に来ること。
来館,らいかん,美術館・図書館・映画館などに来ること。
雷管,らいかん,火薬の起爆に用いる、金属製の容器に雷汞(らいこう)などを詰めたもの。
来期,らいき,この次の期間。
来季,らいき,１ 次の季節。２ スポーツで、翌年の開催期間。来シーズン。
来儀,らいぎ,やって来ること。また、来ることを敬っていう語。
来客,らいきゃく,訪れてくる客。また、訪ねて来た客。
雷撃,らいげき,１ 落雷すること。かみなりが落ちること。直撃雷・側撃雷・侵入雷・誘導雷がある。２ 魚雷で敵艦を攻撃すること。また、その攻撃。
来月,らいげつ,今月の次の月。
来校,らいこう,学校を訪ねてくること。
来航,らいこう,外国から船に乗ってやってくること。
来貢,らいこう,貢ぎ物を持って外国の使者がやってくること。
来寇,らいこう,外敵が攻めてくること。
礼賛,らいさん,１ すばらしいものとして、ほめたたえること。また、ありがたく思うこと。２ 仏語。仏・法・僧の三宝(さんぼう)を礼拝(らいはい)し、その功徳(くどく)をたたえること。また、その行事。
来旨,らいし,１ 相手から言ってよこした趣旨。来意。２ 来訪の趣旨。来意。
来日,らいじつ,今よりあとに来る日。将来の日。
来社,らいしゃ,よその人が会社を訪ねてくること。
来襲,らいしゅう,襲ってくること。攻めてくること。襲来。
来週,らいしゅう,今週の次の週。次週。
来集,らいしゅう,集まってくること。
来春,らいしゅん,来年の春。また、次の正月。明春。らいはる。
来書,らいしょ,よそから来た手紙。来状。来信。
来場,らいじょう,人がその場所、特に催し物・興行などを行う場所に来ること。
来信,らいしん,よそから来た手紙。来状。来書。
来診,らいしん,医師が患者の家に来て診察すること。
来宅,らいたく,よその人が自分の家に訪ねてくること。
来談,らいだん,来て話をすること。また、話をしに来ること。
来着,らいちゃく,よそから来てその地に到着すること。
来聴,らいちょう,来て聞くこと。講演や話などを聞きに来ること。
来店,らいてん,人が店に来ること。
来電,らいでん,電報が来ること。また、その電報。
来島,らいとう,よそからその島にやってくること。
来同,らいどう,集まってきて一緒になること。
雷同,らいどう,自分自身の考えをもたず、むやみに他人の説や行動に同調すること。
来日,らいにち,外国人が日本に来ること。
来任,らいにん,勤務するためにその任地に来ること。
来年,らいねん,今年の次の年。明年。来歳。
来賓,らいひん,式や会などに招かれてきた客。
来復,らいふく,一度去ったものが再びかえってくること。
来報,らいほう,１ 来て知らせること。知らせに来ること。また、その知らせ。２ 来るべき報い。あとから来る報い。
来訪,らいほう,人が訪ねてくること。
来命,らいめい,他人を敬って、その人が言ってよこした事柄をいう語。来諭。
雷名,らいめい,１ 世間にとどろきわたる名声。２ 相手の名声を敬っていう語。
雷鳴,らいめい,１ かみなりが鳴ること。また、その音。２ 星新一のショートショート作品。安全のカードに収録。
来由,らいゆ,物事の現在に至った理由。いわれ。由来。らいゆう。
来来,らいらい,時などを表す名詞の上に付いて複合語をつくり、次の次、の意を表す。
磊落,らいらく,１ 心が広く快活で、小事にこだわらない・こと（さま）。２ 石などが多く積み重なっているさま。
来臨,らいりん,他人を敬って、その人がある場所へ来てくれることをいう語。
来歴,らいれき,１ 物事のそれまで経てきた次第。由緒。由来。２ 人の経歴。履歴。
裸眼,らがん,眼鏡やコンタクトレンズを使わないで物を見るときの目。
落胤,らくいん,身分の高い男が正妻以外の身分の低い女に生ませた子。
烙印,らくいん,鉄製の印を焼いて物に押しあてること。また、その跡。刑罰として、罪人の額などに行った。
絡繹,らくえき,人馬の往来などの、絶え間なく続くさま。
楽園,らくえん,１ 苦しみのない幸せな生活ができる所。パラダイス。２ 愛知の日本酒。大吟醸酒、本醸造酒がある。大吟醸酒は平成20、25年度全国新酒鑑評会で金賞受賞。原料米は山田錦など。仕込み水は木曽川の伏流水。蔵元の「清洲桜醸造」は嘉永6年(1853)創業。３ 鈴木光司の小説。平成2年（1990）、第2回日本ファンタジーノベル大賞で優秀賞を受賞し刊行された、著者のデビュー作。アニメ化作品もある。
洛外,らくがい,都のそと。京都の郊外。
落書,らくがき,１ 政治・社会や人物などを批判・風刺した匿名の文書。人目に触れやすい所に落として人に拾わせたり、相手の家の門・塀に貼(は)りつけたりした。中世から近世にかけて盛行。おとしぶみ。２ 書くべきでないところに文字や絵などをいたずら書きすること。また、その書いたもの。
楽髪,らくがみ,安楽な者は髪の毛の伸びるのが早いということ。
落月,らくげつ,沈もうとする月。西に傾く月。
落伍,らくご,１ 隊伍についていけず脱落すること。２ 能力不足のため、仲間から後れること。
落語,らくご,こっけいを主にした話芸で、話の終わりに落ちのあるのが特徴。
落差,らくさ,１ 水が流れ落ちるときの、上下の水面の高さの差。２ 物体が落下するときの高低の差。３ 二つのものの間の差。水準などの高低の差。
落札,らくさつ,競争入札で、物や権利が自分の手に入ること。
落字,らくじ,書き落とした文字。脱字。欠字。
落日,らくじつ,１ 沈もうとする太陽。入り日。落暉(らっき)。落陽。２ 物事の勢いが衰えることのたとえ。
落手,らくしゅ,１ 手紙・品物などを受け取ること。手に入れること。落掌。２ 囲碁・将棋で、悪い手。
落首,らくしゅ,風刺・批判・あざけりの意を含めた匿名のざれ歌。
楽勝,らくしょう,１ らくに勝つこと。苦戦せずに、ゆうゆうと勝つこと。２ 容易にできること。
落照,らくしょう,夕日の光。入り日。落日。
落飾,らくしょく,高貴な人が髪をそり落として仏門に入ること。
楽人,らくじん,気楽に暮らす人。苦労のない人。
落勢,らくせい,相場が下落する傾向にあること。
落成,らくせい,工事が完了して建築物などができあがること。
落石,らくせき,山やがけの上から石が落ちてくること。また、その石。
落籍,らくせき,１ 戸籍簿から抜け落ちていること。２ 名簿から名を除くこと。仲間から抜けること。３ 抱え主への前借金などを払ってやって、芸者や娼妓(しょうぎ)の稼業から身をひかせること。身請け。
落屑,らくせつ,皮膚の表層が大小の角質片となってはげ落ちること。また、そのもの。
落雪,らくせつ,山などで、積もった雪がくずれ落ちること。また、その雪。雪崩よりも規模の小さいものにいう。
落選,らくせん,１ 選挙で落ちること。２ 選ばれないこと。選にもれること。
落想,らくそう,考えが心に浮かぶこと。また、その考え。
落第,らくだい,１ 試験や審査に合格しないこと。不合格。２ 学年の課程が修了できないで、卒業または進級できないこと。３ 必要な一定の基準に達しないため、認められないこと。
落胆,らくたん,期待や希望どおりにならずがっかりすること。
楽地,らくち,安楽な土地。楽土。
落着,らくちゃく,１ 物事にきまりがついて落ち着くこと。決着。２ 近世、裁判などの決着がつくこと。
洛中,らくちゅう,都の中。京都の市中。
落丁,らくちょう,書籍や雑誌のページが一部抜け落ちていること。また、そのページ。
落潮,らくちょう,１ 引き潮。干潮。おちしお。２ 物事が衰えていくこと。落ちめ。
楽天,らくてん,"１ 自分の境遇を天の与えたものとして受け入れ、くよくよしないで人生を楽観すること。２ 正式社名「楽天株式会社」。英文社名「Rakuten, Inc.」。サービス業。平成9年(1997)「株式会社エム・ディー・エム」設立。同11年(1999)現在の社名に変更。本社は東京都品川区東品川。国内最大規模のインターネットショッピングモールを運営。子会社で金融・旅行・通信・プロスポーツ事業などを展開。"
楽土,らくど,心配や苦労がなく楽しい生活ができる土地。楽園。
洛東,らくとう,都の東。京都の、鴨川(かもがわ)より東の地域。
洛内,らくない,都の中。京都の市内。
洛南,らくなん,都の南。京都の南郊。
楽寝,らくね,のんびりと気楽に寝ること。のびのびと寝ること。
落馬,らくば,乗っていた馬から落ちること。
落剥,らくはく,はげ落ちること。剥落。
落魄,らくはく,衰えて惨めになること。落ちぶれること。
落莫,らくばく,もの寂しいさま。寂寞(せきばく)。
落髪,らくはつ,髪の毛をそり落として仏門に入ること。剃髪(ていはつ)。落飾。
落盤,らくばん,鉱山やトンネルで、坑内の天井や側面の岩石・土砂が崩れ落ちること。
楽日,らくび,千秋楽の日。興行の期間の最後の日。
落筆,らくひつ,１ 筆をとって書画を書くこと。２ たわむれがき。落書き。
洛北,らくほく,都の北。京都の北郊。
落命,らくめい,命を落とすこと。特に、不慮の災難などで死ぬこと。
落葉,らくよう,１ 葉が落ちること。また、その落ちた葉。日照期間の短縮や葉自体の老化により、葉柄の離層で切れて茎から離れる。おちば。２ 沈香(じんこう)・丁字香(ちょうじこう)・麝香(じゃこう)などを練り合わせた薫物(たきもの)。３ 書籍や雑誌のページが一部抜け落ちていること。また、そのページ。
落陽,らくよう,入り日。夕日。落日。
落雷,らくらい,雷が落ちること。雷雲と地面との間に放電が起こること。地上の突起物に落ちやすい。
楽楽,らくらく,１ 苦痛や負担を感じないでゆとりのあるさま。気楽なさま。２ 骨を折ったり無理をしたりするようなところが少しもないさま。
落涙,らくるい,涙をこぼすこと。泣くこと。また、その涙。
裸身,らしん,１ 裸のからだ。裸体。らしん。２ むき出しの刀身。抜き身。
螺旋,らせん,１ 巻き貝の殻のようにぐるぐると巻いているもの。２ 円筒や円錐の面に沿って螺旋(らせん)状の溝を切ったもの。溝を外面に切ったものを雄ねじ、それにはまり合うように内面に切ったものを雌ねじという。物を締めつけるのに用いる。
螺線,らせん,１ カタツムリを上から見たときの殻の曲線のように、一定点の回りを、その定点に対して、絶えず遠ざかる点または近づく点によって作り出される平面曲線。スパイラル。匝線(そうせん)。渦巻線。２ 円筒に巻きつけた弦(つる)のように、一定の歩みで回り進む空間曲線。ヘリックス。弦巻(つるまき)線。
裸体,らたい,衣服をまとっていないはだかのからだ。裸身。
拉致,らち,むりやりに連れていくこと。らっち。
埒外,らちがい,ある物事の範囲の外。
埒内,らちない,ある物事の範囲内。
落下,らっか,高い所から落ちること。
落果,らっか,果実が成熟前に枝から落ちること。また、その果実。
落花,らっか,花が散り落ちること。また、散って落ちた花。特に、桜の花にいう。《季 春》
楽観,らっかん,１ 物事の先行きをよいほうに考えて心配しないこと。心配するほどの事態でもないとして気楽に考えること。２ すべての可能性を信じ、世の中や人生をよいものと考えること。
落款,らっかん,書画が完成したとき、作者が署名し、または押印すること。また、その署名や印。
落暉,らっき,沈む太陽。入り日。落日。
辣腕,らつわん,物事を躊躇(ちゅうちょ)することなく的確に処理する能力のあること。また、そのさま。
裸婦,らふ,はだかの女性。主として、絵画・彫刻の素材としていう。
羅列,られつ,連ね並べること。また、連なり並ぶこと。
乱雲,らんうん,１ 乱れ飛ぶ雲。２ 乱層雲の旧称。
卵液,らんえき,卵の殻を取り除き、中身だけにしたもの。
欄外,らんがい,１ 欄干の外。２ 書籍・雑誌などの紙面で、本文の印刷部分の枠の外。
濫獲,らんかく,鳥獣や魚類をむやみにとること。
嵐気,らんき,湿りけを含んだ山の空気。山気。
乱行,らんぎょう,乱暴な行い。また、ふしだらなふるまい。らんこう。
乱国,らんごく,秩序の乱れた国。また、国が乱れたり、国を乱したりすること。
濫作,らんさく,質を考えずにむやみに多く作ること。
乱雑,らんざつ,乱れていること。入りまじっていて無秩序なこと。また、そのさま。
乱視,らんし,目の角膜や水晶体などが球面となっていないため、光線が網膜上の一点に集まって像を結ぶことのできない状態。また、その目。
乱射,らんしゃ,弾丸・矢などを、的を定めず、むちゃくちゃに発射すること。
爛熟,らんじゅく,１ 果実がくずれそうなまでに熟しきっていること。２ 物事が発達しきって、衰えの兆しさえ含んでいる状態になること。
乱鐘,らんしょう,続けざまに打つ鐘の音。
乱心,らんしん,心が乱れ、狂うこと。逆上したりして分別をなくしてしまうこと。
乱酔,らんすい,正体がなくなるほど酒に酔うこと。泥酔。
乱世,らんせい,秩序が乱れて戦乱や騒動などの絶えない世の中。らんせ。
乱戦,らんせん,１ 敵・味方が入り乱れて戦うこと。乱軍。２ スポーツの試合などで、双方が大量点をとってもつれること。
濫造,らんぞう,質にかまわずむやみに多く造ること。濫製。
乱打,らんだ,１ 激しく続けざまにたたくこと。２ 野球で、次から次へと安打を放って相手の投手を打ち込むこと。３ テニス・バレーボールなどで、練習のためにボールを打ち合うこと。
乱丁,らんちょう,書物のページの順序が誤ってとじられていること。
乱調,らんちょう,１ 調子が乱れていること。また、乱れた調子や、そのさま。乱調子。２ 詩歌が法則からはずれていること。また、破格の詩歌。３ 相場の動きが激しくて騰落いずれにも定まらないこと。
乱闘,らんとう,入り乱れて暴力をもって争うこと。
濫読,らんどく,いろいろな本を手当たりしだいに読むこと。
乱入,らんにゅう,多くの者がむりやりどっと押し入ること。
乱売,らんばい,めちゃくちゃに安い値段で売ること。
濫伐,らんばつ,無計画に森林の木を伐採すること。
乱髪,らんぱつ,乱れた髪。乱れ髪。乱鬢(らんびん)。
濫発,らんぱつ,むやみに発行・発布すること。弾丸や矢などをむちゃくちゃに発射すること。
濫費,らんぴ,計画なくむやみについやすこと。
乱筆,らんぴつ,文字を乱雑に書くこと。また、その文字。手紙で自分の筆跡をへりくだっていう語としても用いる。
乱舞,らんぶ,１ 入り乱れて舞うこと。踊り狂うこと。２ 五節(ごせち)・豊明(とよのあかり)の節会(せちえ)などのあとに、殿上人(てんじょうびと)たちが今様などを歌って舞ったこと。また、その舞。３ 中世、猿楽法師の演じる舞。また、近世には能の演技の間に行われる仕舞などをいった。らっぷ。
乱文,らんぶん,１ 乱れて、ととのわない文章。２ 手紙などで、自分の文章をへりくだっていう語。
卵粉,らんぷん,鶏卵の中身を乾燥して粉末にした食品。菓子の材料や料理に用いる。乾燥卵。
乱暴,らんぼう,１ 道理を無視して、荒々しい振る舞いをすること。また、そのさま。２ やり方・扱い方が、荒っぽく雑であること。また、そのさま。
乱麻,らんま,乱れもつれた麻糸。物事のもつれたさまや乱れた世の中のたとえにも用いられる。
爛漫,らんまん,１ 花が咲き乱れているさま。２ 光り輝くさま。明らかにあらわれるさま。３ 秋田の日本酒。酒名は、一般公募により命名。大吟醸酒、吟醸酒、純米酒、本醸造酒、普通酒をそろえる。全国新酒鑑評会などで受賞実績多数。原料米は山田錦、秋田酒こまち、美山錦など。仕込み水は古館山の伏流水。蔵元の「秋田銘醸」は大正11年(1922)地元経済人と県内酒造家の出資により設立。醸造蔵を2つもち東日本有数の販売量を誇る。
乱脈,らんみゃく,１ 秩序や規律が乱れて筋道が立たないこと。また、そのさま。２ 不規則に打つ脈。
濫用,らんよう,一定の基準や限度を越えてむやみに使うこと。
爛爛,らんらん,光り輝くさま。また、鋭く光るさま。
乱離,らんり,１ 国が乱れて人々が離散すること。２ 乱れ散らばる・こと（さま）。
乱立,らんりつ,１ 多くの物が乱雑に立ち並ぶこと。２ 選挙などに多くの者がむやみに立つこと。
乱流,らんりゅう,流体の各部分が不規則に混合しながら流れる流れ。大気や河川の流れが障害物に当たって生じる流れの多くはこれである。
乱倫,らんりん,倫理にはずれた行いをすること。
襤褸,らんる,破れた衣服。ぼろぼろの衣服。また、ぼろきれ。
羅衣,らい,うすもので仕立てた衣服。うすぎぬ。
来夏,らいか,来年の夏。
礼冠,らいかん,礼服(らいふく)に用いた冠。周縁に金銅透かし彫りの金具を配し、その上に金・銀・珠玉を飾ったもの。皇太子・親王・諸王、五位以上の諸臣が着用した。礼服冠。玉冠(ぎょっかん)。れいかん。
雷丸,らいがん,竹に寄生するサルノコシカケ科のキノコの一種の菌体。直径1、2センチの塊状。回虫・条虫などの駆虫薬にされる。
雷魚,らいぎょ,タイワンドジョウとカムルチーの通称。ともに肉食性で、他の魚などを食害する。
癩菌,らいきん,ハンセン病の原因となる細菌。結核菌に似た抗酸性のグラム陽性の桿菌(かんきん)。人工培養はできない。1874年にハンセンが発見。
雷鶏,らいけい,１ キジ目ライチョウ科の鳥。北半球の北部に分布。ニホンライチョウは日本固有亜種。２ 亜種。全長約35センチメートル。よく太り、足は羽毛におおわれる。夏羽は地味な褐色で、冬羽は白色。本州中部山岳地帯のハイマツ群落に生息するが、赤石山脈以外の地域では絶滅が危惧される。特別天然記念物。北海道には別種のエゾライチョウが生息する。
来県,らいけん,ほかの地域からその県に来ること。
雷鼓,らいこ,１ 雷神が背に負っているという太鼓。２ 雷鳴のとどろく音。
来光,らいこう,高山の頂上で見る荘厳な日の出。
雷光,らいこう,いなびかり。いなずま。
雷公,らいこう,かみなりの俗称。
雷汞,らいこう,水銀を濃硝酸に溶かし、アルコールで処理して得られる白色の針状結晶。加熱・衝撃・摩擦などで爆発しやすく、起爆薬として雷管に用いる。
来歳,らいさい,来年。
来示,らいじ,書き手を敬って、その書状の内容をいう語。
癩者,らいしゃ,かつてハンセン病患者をさした語。
来秋,らいしゅう,来年の秋。
雷獣,らいじゅう,落雷とともに地上へ降り、人畜を殺傷したり、樹木を引き裂いたりするといわれる、想像上の動物。
雷神,らいじん,かみなりを起こすと信じられた神。ふつう虎の皮の褌(ふんどし)をした鬼が、輪形に連ねた太鼓を負い、手にばちを持った姿で描かれる。古くは水神の性格も持つものとされた。
来世,らいせ,仏語。三世(さんぜ)の一。死後に行く次の世。後世(ごせ)。後生(ごしょう)。未来世。らいせい。
雷声,らいせい,１ かみなりの音。雷鳴。２ かみなりのような大きい音や声。
来孫,らいそん,玄孫の子。自分から5代後の子孫。すなわち、子・孫・曽孫・玄孫の次。
雷樽,らいそん,古代中国の酒器の一。雷文を刻んだ酒樽(さかだる)。
来朝,らいちょう,１ 外国人が日本へ来ること。来日。２ 外国・属国の使者などが、朝廷へ来て礼物(れいもつ)を献上すること。
雷鳥,らいちょう,キジ目キジ科ライチョウ属の鳥。全長37センチくらい。尾は長くなく、丸い体つきで、あまり飛ばない。羽色は夏は褐色、冬は白色になり、雄では目の上に赤い裸出部がある。ユーラシア・アメリカの北部に分布。日本では中部地方の高山に生息し特別天然記念物。同属にはオジロライチョウ・ライチョウ・カラフトライチョウの3種が含まれ、北半球に分布。
雷電,らいでん,１ かみなりといなびかり。雷鳴と電光。２ 旧日本海軍の単発単座の迎撃戦闘機。局地防空用として開発された。
礼堂,らいどう,寺院で、本堂または祠堂(しどう)の前に設けた礼拝・読経のための堂。
礼拝,らいはい,１ 神仏などを拝むこと。２ キリスト教で、神の賛美と祈祷(きとう)。教会での礼拝はこれとともに聖餐(せいさん)・説教が中心となる。
来泊,らいはく,よそから来て宿泊すること。
礼盤,らいばん,本尊の前で導師が礼拝し誦経(ずきょう)するための高座。須弥壇(しゅみだん)の正面にあり、前に経机、左に柄香炉(えごうろ)、右に磬(きん)を置く。
癩病,らいびょう,癩菌(らいきん)の感染によって起こる慢性細菌感染症。感染力は弱く、潜伏期は3年から20年にも及ぶため、かつては遺伝性と誤解されたこともあった。主に末梢神経が冒され、知覚麻痺・神経痛や皮膚症状のほか、脱毛、顔面や手指の変形などもみられる。近年は有効な化学療法剤がある。名は癩菌を発見したノルウェーの医師ハンセン（G.H.A.Hansen）にちなむ。レプラ。
雷斧,らいふ,落雷などのあとに発見された石器時代の石斧などの遺物を、天から降ってきた雷神などの持ち物と考えたもの。天狗(てんぐ)の鉞(まさかり)。雷斧石。
礼服,らいふく,即位礼・大嘗会(だいじょうえ)・元日の節会(せちえ)などの大儀に着用した礼装。大宝の衣服令により、隋・唐の制に倣い制定。皇太子・皇族、五位以上の諸臣・内命婦(ないみょうぶ)が着用し、位階により区別があった。
礼法,らいほう,礼儀作法。礼式。
雷文,らいもん,方形の渦巻き状の文様。連続して用いるのが特色。中国で古代から愛好された。
来陽,らいよう,１ 来年の春。また、次の正月。明春。らいはる。２ 埼玉の日本酒。酒名は「一陽来福」に由来。酒質は濃醇。甘辛中間を含め二十数種の異なった味わいの酒をそろえる。普通酒のほか、生酒、季節限定品などをラインナップ。原料米は山田錦、五百万石、美山錦など。蔵元の「越生酒造」は明治40年(1907)創業。
雷竜,らいりゅう,アパトサウルスのこと。また一説に、アパトサウルスの体に別の恐竜の頭部をつけたもので、実際には存在しなかった恐竜の名とする。
裸花,らか,花被のない花。ドクダミ・柳など。無被花。
羅経,らきょう,風水で、大地の気脈を読み、土地の吉凶を占うために用いる方位盤。風水羅盤。
裸形,らぎょう,はだかの姿。裸体。らけい。
落雁,らくがん,１ 池や沼に降りてくる雁。２ 干菓子の一。米・麦・大豆・小豆やソバの実などを粉にして煎(い)り、砂糖・水飴などを混ぜ、型に入れて抜き固めたもの。
楽毛,らくげ,安楽な者は髪の毛の伸びるのが早いということ。
楽座,らくざ,戦国時代から近世初期に、戦国大名が城下町を繁栄させるためにとった商業政策。それまでの座商人の特権廃止や市場税の廃止、また、座そのものの廃止によって、新興商人の自由営業を許したもの。
酪酸,らくさん,有機酸の一。不快臭をもつ油状の液体。正酪酸・イソ酪酸の2種の異性体がある。正酪酸は、バターなどにグリセリンエステルとして含まれ、酪酸菌の発酵によっても生成。水・エタノールに溶ける。合成香料などの原料。イソ酪酸は、植物中に遊離酸またはエステルとして存在。水に溶けにくい。
落掌,らくしょう,手紙・品物などを受け取ること。手に入れること。落掌。
落城,らくじょう,１ 敵に城を攻め落とされること。２ もちこたえられず降参すること。また、くどかれて拒みきれずに承知すること。３ 田宮虎彦の歴史小説。昭和24年（1949）発表。東北地方の架空の藩、黒菅の悲劇を描いた連作小説の一つ。同作を表題作とする小説集は他に「末期の水」「菊の寿命」などの作品を収め、昭和26年（1951）刊行。
駱駝,らくだ,１ 偶蹄(ぐうてい)目ラクダ科の哺乳類のうち、ヒトコブラクダとフタコブラクダの総称。体は黄褐色で四肢と首が長く、背中に脂肪を蓄えたこぶが一つまたは二つある。鼻孔を自由に閉じることができるなど、砂漠の暮らしに適応し、砂漠の舟とよばれる。ともに古くから家畜とされ、ヒトコブラクダは北アフリカ・アラビア半島に、フタコブラクダは中央アジアにみられる。野生のものはほとんどない。２ ラクダの毛で作った糸や織物。３ 夫婦また男女が二人連れ立って歩くこと。４ 形だけ大きくて品質の悪いもの。
酪農,らくのう,牛・羊などを飼育して、飲用乳や乳製品の原料となる乳を生産したり、乳を精製・加工して製品としたりする農業。
落梅,らくばい,散り落ちた梅の花、または実。
落綿,らくめん,綿糸の紡績工程で出るくず綿。
螺子,らし,ねじ。
羅紗,ラシャ,紡毛を密に織って起毛させた、厚地の毛織物。室町末期ごろに輸入され、陣羽織・火事羽織、のち軍服・コート地などに使われた。
羅城,らじょう,城の外ぐるわ。外郭。
羅針,らしん,磁界の方向を指し示す針状の磁石。中央に支点を置いて、水平に自由に回転する。
羅刹,らせつ,大力で足が速く、人を食うといわれる悪鬼。のちに仏教に入り、守護神とされた。
羅氈,らせん,紡毛糸を用いた平織物を縮絨(しゅくじゅう)仕上げによって毛氈のようにしたもの。テーブル掛けなどに用いる。
裸像,らぞう,絵画・彫刻などに表現された裸体の人間。
落角,らっかく,落下する物体が描く軌道の、落下点における切線と水平面とがなす角度。
落球,らっきゅう,野球などで、一度受けかけたボールを落とすこと。
落居,らっきょ,物事のきまりがつくこと。落ち着くこと。
楽境,らっきょう,楽しい境遇。安楽な境地。
落橋,らっきょう,橋が壊れ落ちること。
喇叭,らっぱ,１ 金管楽器の総称。真鍮(しんちゅう)製の管の一端に吹口がつき、他端が朝顔形に開いたもの。トランペット・ホルンなど。２ 弁のない簡単な構造のトランペット。数種の倍音のみを発し、信号や儀式の奏楽に用いる。３ 蓄音機などの朝顔形の拡声器。４ 瓶入りの飲み物を、らっぱを吹くような格好で瓶の口から直接飲むこと。５ 大言壮語すること。
螺鈿,らでん,１ ヤコウガイ・オウムガイなどの貝殻の真珠色に光る部分を磨いて薄片にし、種々の形に切って漆器や木地の表面にはめ込み、または貼(は)りつけて装飾する工芸技法。日本には奈良時代に中国から伝えられ、平安時代には蒔絵(まきえ)にも併用された。摺(す)り貝。２ 太田水穂の歌集。昭和15年（1940）刊行。
騾馬,らば,雄ロバと雌ウマとの交配による一代雑種。繁殖力はない。馬のような体格とロバの頑丈さをもち、ヨーロッパやアメリカで使役に用いる。ミュール。
裸氷,らひょう,氷床や棚氷の上に積雪も砂や砂利もない状態。強風などで表面が削られてむき出しになった氷を指す。
羅府,らふ,ロサンゼルスの異称。
羅鱶,らぶか,カグラザメ目ラブカ科の海水魚。深海にすみ、全長約2メートル。体は細長い筒状で、暗褐色。口が前端に開き、えらあなが六対あることや骨格の特徴から、現生サメ類中最も原始的とされる。卵胎生。日本では相模湾・駿河湾に分布。
蘿蔔,らふく,ダイコンの漢名。
羅網,らもう,１ 鳥を捕らえるあみ。２ 浄土や天界にあるとされる、宝珠を連ねた網。また、仏殿や仏像を飾る荘厳具。
羅門,らもん,格子の一。立蔀(たてじとみ)・透垣(すいがい)などの上部に、木や竹で2本ずつ交差した模様を作り出したもの。羅文。らんもん。
裸葉,らよう,シダ類の葉で、胞子をつくる働きをもたず、光合成を盛んに行う葉。
羅綾,らりょう,うすぎぬとあやおり。また、高級な美しい衣服。綾羅。
蘭医,らんい,江戸時代、オランダから伝わった医学を修めた医者。蘭方(らんぽう)医。
襤衣,らんい,やぶれごろも。ぼろの着物。つづれ。弊衣(へいい)。
卵黄,らんおう,動物の卵の中に貯蔵されている栄養物質。たんぱく質・脂質・糖質・無機塩類・ビタミンなどを含み、胚(はい)の発育中に消費される。量や卵内での位置により、等黄卵・端黄卵・中黄卵などに分けられる。鳥類では球状をなし、黄身(きみ)ともいう。
蘭画,らんが,江戸時代、オランダ人により伝えられた西洋画。また、その画法で描かれた絵画。
卵塊,らんかい,魚・昆虫・両生類などにみられる、卵のかたまり。
卵核,らんかく,卵細胞の核。
卵殻,らんかく,動物の卵を包む外側の強固な卵膜。たまごのから。
蘭学,らんがく,江戸中期以降、オランダ語によって西洋の学術・文化を研究した学問。享保年間（1716～1736）、青木昆陽・野呂元丈(のろげんじょう)の蘭書の訳読に始まり、前野良沢(まえのりょうたく)・杉田玄白・大槻玄沢(おおつきげんたく)ら多数の蘭学者が輩出、医学・天文学・暦学・兵学・物理学・化学など自然科学全般にわたった。
卵割,らんかつ,動物の受精卵の発生初期における細胞分裂。1個の細胞が、大きさはそのままでしだいに多数の小さな細胞に分かれ、胞胚(ほうはい)となる。様式により等割・盤割・表割などがある。分割。
乱菊,らんぎく,１ 長い花びらが入り乱れて咲いている菊の花。また、その模様。２ 紋所の名。1を図案化したもの。
乱逆,らんぎゃく,謀反(むほん)。反逆。
卵形,らんけい,卵のような形。たまごがた。
蘭月,らんげつ,陰暦7月の異称。
蘭語,らんご,オランダ語。
蘭交,らんこう,友人間の、心の通い合った交わり。その美しさを蘭の香りにたとえていう。金蘭の契り。蘭契。
嵐山,らんざん,１ 京都市西部にある山。大堰(おおい)川南岸に位置し、標高381メートル。桜・紅葉の名所。２ 謡曲。脇能物。金春禅鳳(こんぱるぜんぽう)作。勅使が吉野から移された嵐山の桜をたたえると、蔵王権現と木守・勝手の夫婦神が現れ、御代をことほぎ舞をまう。３ 桜の一品種。サトザクラの仲間で、花弁が大きく丸みを帯び、周縁部の色が濃い。
蘭麝,らんじゃ,蘭の花と麝香(じゃこう)の香り。また、よい香り。
乱酒,らんしゅ,１ 言動・態度が乱れるほど、過度に酒を飲むこと。２ 酒宴で入り乱れて酒を飲むこと。
蘭書,らんしょ,オランダ語で書かれた書物。オランダの書物。
卵生,らんしょう,仏語。四生(ししょう)の一。卵から生まれるもの。鳥などの類。
濫觴,らんしょう,物事の起こり。始まり。起源。
卵色,らんしょく,卵の殻の色。また、卵の黄身の色。たまごいろ。
藍色,らんしょく,濃い青色。あいいろ。
乱臣,らんしん,１ 反逆などを企て、国を乱す臣下。逆臣。２ 天下をよく治める臣下。
蘭人,らんじん,オランダ人。
乱数,らんすう,全く無秩序に、しかも出現の確率が同じになるように並べられた数字の列。乱数さいなどを用いて生成する。
乱政,らんせい,乱脈な政治。
欄井,らんせい,井桁(いげた)のある井戸。
藍藻,らんそう,植物分類上、藻類の一群。現在は細菌の一群として扱われることが多く、シアノバクテリアとよばれる。単細胞あるいは糸状で、核膜がない。クロロフィルa・フィコシアニンなどの色素で光合成を行う。地球上のあらゆる場所に生活し、塊状の群体をつくるものも多い。藍藻類。藍色細菌。
乱賊,らんぞく,世を乱す悪者。反逆者。
蘭竹,らんちく,東洋画の画題の一。蘭に竹を配したもの。蘭は世に埋もれた高節の士に、竹は冬の風雪にも緑を失わないところから君子にたとえられ、文人画家が好んで描いた。
蘭鋳,らんちゅう,金魚の一品種。体つきが丸く、頭部に肉こぶが発達し、背びれがなく、尾が小さい。まるこ。蘭虫。
卵嚢,らんのう,卵を包む強靭(きょうじん)な袋状のもの。海産の巻き貝類にみられる。
卵白,らんぱく,卵の卵黄を取り囲むゾル状のたんぱく質。鳥と爬虫(はちゅう)類にみられる。白身。
乱鬢,らんびん,乱れた髪。乱髪。
蘭文,らんぶん,オランダ語で書いた文章。
藍碧,らんぺき,あいに近い緑色。あおみどり。
乱歩,らんぽ,１ ある点から出発し、任意の距離だけまっすぐに動くが、向きはまったくでたらめな運動を繰り返すこと。出発点から離れたある範囲内に存在する確率を求める問題のモデルで、距離が零のときはブラウン運動や気体分子の拡散の問題として扱える。酔歩(すいほ)。２ 小説家。三重県生まれ。本名、平井太郎。早大卒。「二銭銅貨」「心理試験」などのトリックを巧妙に用いた本格推理小説で登場、以後、推理小説界に君臨した。他に「パノラマ島奇譚」「陰獣」「孤島の鬼」など。
蘭房,らんぼう,女性の美しい寝室。また、美人の閨房(けいぼう)。
乱峰,らんぽう,高低入り乱れて連なる多くの山。
蘭方,らんぽう,江戸時代、オランダから伝わった医術・薬学。
藍本,らんぽん,１ 絵の下書き。２ 刊本や写本のよりどころとなった本。原本。
欄間,らんま,天井と鴨居(かもい)との間の開口部。採光・通風のために設け、格子や透かし彫りの板などをはめて装飾も兼ねる。
卵膜,らんまく,動物の卵を包んでいる被膜の総称。鶏では、卵白・卵殻膜・卵殻の3層をなす。
卵麺,らんめん,卵をつなぎに使った蕎麦(そば)切り。
蘭領,らんりょう,オランダの領土。
利益,りえき,１ 事業などをして得るもうけ。利潤。２ 得になること。益になること。３ 星新一のショートショート作品。ボンボンと悪夢に収録。
離縁,りえん,１ 夫婦や養親子の関係を絶つこと。２ 法律上、養子縁組を解消すること。
理科,りか,１ 人文科学・社会科学以外の学問分野。数学・自然科学など。２ 大学などで、1の分野を研究・教育する部門。３ 学校教育における教科の一。自然現象・自然科学を内容とする科目の総称。
理解,りかい,１ 物事のしくみや状況、また、その意味するところなどを論理によって判断しわかること。納得すること。のみこむこと。２ 相手の立場や気持ちをくみとること。３ 道理。わけ。また、道理を説いて聞かせること。４ ディルタイの用語。文化を生の表現とみて、その意味を自己移入・追体験などによって共感的にとらえること。
利害,りがい,利益と損害。得することと損すること。
理外,りがい,普通の道理では説明できないこと。道理をはずれていること。道理のほか。
理学,りがく,１ 物理学・化学・天文学などの総称。自然科学。２ 物理学のこと。３ 中国宋代、宇宙の本体とその現象を理気の概念で説いた哲学。性理学。
利方,りかた,得なやり方、便利な方法であること。
利勘,りかん,１ 利害得失を計算してかかること。損得に敏感で抜け目がないこと。２ 経済的なこと。また、そのさま。
罹患,りかん,病気にかかること。罹病。
離岸,りがん,船が海岸・岸壁から離れること。
力演,りきえん,力いっぱい演じること。熱演。
力学,りきがく,１ 物体間に働く力と運動との関係を研究する物理学の一分野。ガリレイとニュートンによって古典力学が完成。熱学や電磁気学の確立後は熱力学・電磁力学が発展し、統計力学・相対論的力学・量子力学が開かれた。狭義には古典力学をさしていう。ダイナミックス。２ 個人や団体などがそれぞれ持っている影響力のかかわりぐあい。力関係。ダイナミックス。
力感,りきかん,力強い感じ。力がこもっている感じ。
力作,りきさく,力をこめてつくった作品。
力説,りきせつ,相手を納得させようとして、力を込めて述べること。
力点,りきてん,１ てこの原理を応用した道具で物を動かすときに力を加える所。２ 重視する所。主眼。
力闘,りきとう,力いっぱい戦うこと。力戦。
離郷,りきょう,郷里を離れること。
離京,りきょう,都を離れること。特に、東京や京都を離れること。
力量,りきりょう,１ 物事を成し遂げる力の程度。能力の大きさ。２ 物理的な力の量。また、エネルギーの量。
利金,りきん,１ 利息の金銭。利息。利子。２ 利益の金銭。もうけた金。
陸運,りくうん,陸上の輸送機関を使って、貨物・旅客を運ぶこと。陸上運輸。陸上運送。
陸産,りくさん,陸上で産すること。また、そのもの。
陸上,りくじょう,１ 陸地の上。２ 「陸上競技」の略。
陸送,りくそう,１ 陸上を輸送すること。２ 車両未登録の自動車を運転して運ぶこと。
陸地,りくち,地球の表面で、水におおわれていない部分。地球表面積の30パーセントを占め、その平均高度は840メートル。陸。
理屈,りくつ,１ 物事の筋道。道理。２ 無理につじつまを合わせた論理。こじつけの理論。へりくつ。
陸路,りくろ,陸上のみち。また、陸上の交通路を使って目的地へ行くこと。
離群,りぐん,群から離れること。仲間はずれになること。
理系,りけい,理科の系統。また、それに属する分野・学科。理科系。⇔文系。
利権,りけん,利益を得る権利。特に、業者が政治家や役人と結託して獲得する権益。
俚諺,りげん,世間に言い伝えられてきたことわざ。
利己,りこ,自分の利益だけを考え、他人のことは顧みないこと。
利口,りこう,１ 頭がよいこと。賢いこと。また、そのさま。利発。２ 要領よく抜け目のないこと。また、そのさま。３ （多く「お利口」の形で）子供などがおとなしく聞きわけのよいこと。また、そのさま。４ 巧みにものを言うこと。口先のうまいこと。また、そのさま。５ 軽口を言うこと。冗談。
履行,りこう,１ 決めたこと、言ったことなどを実際に行うこと。実行。２ 債務者が債務の内容である給付を実現すること。履行は債権の効力の面から、弁済は債権の消滅の面からとらえていう語。
理工,りこう,理学と工学。また、理学部と工学部。
離合,りごう,離れることと合わさること。離れたり一緒になったりすること。
利根,りこん,１ 生まれつき賢いこと。利発。２ 口のきき方がうまいこと。また、そのさま。
離婚,りこん,夫婦が生存中に法律上の婚姻関係を解消すること。
罹災,りさい,地震・火事などの災害にあうこと。被災。
理財,りざい,財貨を有効に運用すること。経済。
利鞘,りざや,取引で、売値と買値の差額によって生じる利益金。マージン。
離散,りさん,まとまっていた人々が、互いに離れ離れになること。
利子,りし,金銭の貸借が行われた場合、その使用の対価として借り手が貸し手に支払う金銭。利息。
理事,りじ,１ 団体を代表し、担当事務を処理する特定の役職。２ 法人の業務を執行し、その法人を代表して権利を行使する機関。株式会社では取締役という。
俚耳,りじ,世間の人々の耳。俗人の耳。俗耳。
履修,りしゅう,規定の学科や課程などを習い修めること。
利潤,りじゅん,１ もうけ。利益。特に、企業において、総収益から賃金・地代・利子・原材料費などのすべての費用を差し引いた残りの金額。２ 剰余価値の転化された現象形態。
離床,りしょう,寝床を離れること。起床。
離昇,りしょう,航空機が離陸して空中に浮揚しはじめること。
離礁,りしょう,船が、乗りあげた暗礁を離れて浮かぶこと。
利殖,りしょく,利子・配当金などによって財産をふやすこと。
離職,りしょく,１ 職務から離れること。２ 仕事をやめること。３ 公務員法上、公務員がその身分を失うこと。
離心,りしん,はなれようとすること。そむくこと。また、その心。
利刃,りじん,よく切れる刃物。切れ味の鋭い刀。
利水,りすい,１ 水の流れをよくすること。２ 水の利用を図ること。
離水,りすい,１ 水面から離れること。特に、水上飛行機が水面から離れて飛び立つこと。２ 海水面が下がって、もと海底であった所が陸地に変わる現象。
理数,りすう,理科と数学。
里数,りすう,道のりを里（約3.93キロ）を単位として測り表した数。里程。
理世,りせい,世を治めること。治世。
理性,りせい,１ 道理によって物事を判断する心の働き。論理的、概念的に思考する能力。２ 善悪・真偽などを正当に判断し、道徳や義務の意識を自分に与える能力。３ カント哲学で、広義には先天的能力一般。狭義には悟性・感性から区別され、悟性の概念作用を原理的に統一・制御・体系化する無制約の認識能力。理念の能力。４ ヘーゲル哲学で、悟性が抽象的思考の能力であるのに対して、弁証法的な具体的思考の能力。５ 宇宙・人生をつかさどる基本原理。
離席,りせき,自分の席を離れること。席を外すこと。
離籍,りせき,１ 所属する団体などを離れること。その団体に籍がなくなること。２ 民法旧規定で、戸主が居住指定・婚姻などについて従わない家族を戸籍から除くこと。
離船,りせん,乗客・乗組員などが、乗っている船を離れること。
理想,りそう,１ 人が心に描き求め続ける、それ以上望むところのない完全なもの。そうあってほしいと思う最高の状態。２ 理性によって考えうる最も完全な状態。また、実現したいと願う最善の目標あるいは状態。
利息,りそく,金銭などの使用の対価として、金額と期間とに比例して一定の割合（利率）で支払われる金銭その他の代替物。利子。
里俗,りぞく,地方の風俗。土地のならわし。
離俗,りぞく,世俗を離れること。
俚俗,りぞく,田舎びていること。また、そのさま。鄙俗(ひぞく)。
離村,りそん,他の地に住むために住んでいた村を離れること。
利沢,りたく,利益と恩沢。もうけ。利潤。
利達,りたつ,身分や地位が高くなること。立身出世。栄達。
離脱,りだつ,ある状態から抜け出すこと。また、組織などから離れ去ること。
理知,りち,理性と知恵。また、本能や感情に支配されず、物事を論理的に考え判断する能力。
律儀,りちぎ,１ きわめて義理堅いこと。実直なこと。また、そのさま。りつぎ。２ 健康なこと。また、そのさま。丈夫。
立案,りつあん,１ 工夫して計画を立てること。案を立てること。２ 草案・文案をつくること。
立位,りつい,立った姿。立った状態。
立脚,りっきゃく,自分のよって立つ場をそこに定めること。立場を決めてそれをよりどころとすること。
陸橋,りっきょう,１ 道路や鉄道線路などの上にかけた橋。りくばし。２ 地殻変動や海面低下のために大陸や島がつながり、生物が移動できるようになった細長い陸地。更新世の氷期にアラスカ・シベリア間に存在したベーリング陸橋など。
立憲,りっけん,憲法を制定すること。
立言,りつげん,１ はっきりと意見を述べること。また、その意見。２ 論理学で、一つのことを主張した文で、真・偽いずれかであるもの。言明。
立項,りっこう,辞書や事典で、見出し語を示してその語を解説すること。
力行,りっこう,努力して行うこと。りょっこう。
立国,りっこく,１ 新たに国家を建設すること。建国。２ ある基本的な方針のもとに、国を発展・繁栄させること。
立志,りっし,志を立てること。将来の目的を定めて、これを成し遂げようとすること。
立証,りっしょう,１ 証拠をあげて事実を証明すること。２ ある与えられた判断が真であることを妥当な論拠を挙げて推論すること。その論拠が公理・公準などか、または経験的事実かによって演繹(えんえき)的・帰納的の別があり、また帰謬(きびゅう)法によるか否かによって間接的・直接的の別がある。証明。立証。
立食,りっしょく,立ったままで食べること。特にパーティーで、卓上に並べた飲食物を客が自由に取って食べるようにした形式。
立身,りっしん,世に認められて、一人前になること。社会的に高い地位につくこと。
慄然,りつぜん,恐れおののくさま。恐ろしさにぞっとするさま。
立像,りつぞう,立っている姿の像。りゅうぞう。
立体,りったい,いくつかの平面や曲面で囲まれて、三次元の空間の一部を占める物体。また、幾何学の対象としての空間図形。
立地,りっち,１ 産業を営むのに適した土地を選び決めること。また、そこに商店や工場などをつくること。２ 立場。立脚地。
立党,りっとう,新しく政党・党派をつくること。
律動,りつどう,規則的にある動きが繰り返されること。周期的な運動。また、リズム。
立派,りっぱ,１ 非常に素晴らしいさま。非常にすぐれているさま。２ 堂々としているさま。３ 非難する点のないさま。十分であるさま。
立腹,りっぷく,はらをたてること。怒ること。腹立(ふくりゅう)。
立方,りっぽう,１ 同じ数・式を三度掛け合わせること。三乗(さんじょう)。２ 長さの単位名の前に付けて、体積の単位をつくる語。３ 長さを表す単位名のあとに付けて、その長さを1辺とする立方体の体積を表す語。
立礼,りつれい,起立して敬礼を行うこと。また、その敬礼。⇔座礼。
立論,りつろん,論の趣旨や筋道を組み立てること。また、その論。
里程,りてい,里で表した距離。里数。また、みちのり。道程。
利点,りてん,有利な点。また、長所。好都合な点。
離党,りとう,所属している政党・党派を離脱すること。
離島,りとう,１ 離れ島。２ 島を離れること。
利得,りとく,１ 利益を得ること。また、その利益。もうけ。２ トランジスターなどの増幅器で、入力に対する出力の比。
利鈍,りどん,１ 刀剣などの、鋭いことと鈍いこと。２ 利発なことと愚鈍なこと。賢愚。
離日,りにち,外国人が日本を離れること。
離乳,りにゅう,乳児に乳以外の食物を与え、しだいに量を増して、固形食に移行させること。ちばなれ。
利尿,りにょう,尿をよく出るようにすること。
離任,りにん,転任・退任などで任務・任地を離れること。
理念,りねん,１ ある物事についての、こうあるべきだという根本の考え。２ 哲学で、純粋に理性によって立てられる超経験的な最高の理想的概念。プラトンのイデアに由来。イデー。
離背,りはい,そむき離れること。離反。
利発,りはつ,１ 賢いこと。頭の回転の速いこと。また、そのさま。２ 役に立つこと。有益なさま。
理髪,りはつ,１ 頭髪を刈って整えること。調髪。２ 元服または裳着(もぎ)のとき、頭髪の末を切ったり結んだりして整えたこと。また、その役。
利幅,りはば,費用を差し引いた利益の大きさ。
離反,りはん,従っていたものなどが、そむきはなれること。
理非,りひ,道理にかなっていることと外れていること。是非。
罹病,りびょう,病気にかかること。罹患。
利兵,りへい,鋭い武器。鋭利な刃物。
離別,りべつ,１ 人と別れること。別離。２ 夫婦の関係を断って別れること。離婚。
利便,りべん,都合のよいこと。また、そのさま。便利。
略意,りゃくい,だいたいの意味。大意。
略音,りゃくおん,語中で連続する二つの音節が結合して1音節が省略される現象。また、その語形。
略画,りゃくが,省略して簡単に描いた絵。
略語,りゃくご,語形の一部を省いて簡略にした語。
略号,りゃくごう,１ 簡略化された記号。簡単な記号。２ 簡略化した呼び名。略称。
略字,りゃくじ,字画の複雑な漢字について、その点画の一部を省いて簡略にしたもの。
略式,りゃくしき,正式の手続きを一部省略して、簡単にしたやり方。略儀。
略取,りゃくしゅ,１ 力ずくで奪い取ること。２ 法律で、暴力・脅迫などにより、人をかどわかし連れ去ること。
略述,りゃくじゅつ,あらましだけを簡略に述べること。また、その述べたもの。略叙。
略称,りゃくしょう,正式な名称を省略して呼ぶこと。また、その呼び名。略名。
略章,りゃくしょう,略式の勲章。勲章と同形同色で、径1.5センチくらいの小形に作られている。
略図,りゃくず,要所だけを簡単にかいた図。
略説,りゃくせつ,要点を簡単に説くこと。また、そのもの。
略体,りゃくたい,１ 本来の形を簡略にしたもの。２ 略した字体。略字。
略奪,りゃくだつ,暴力的にうばい取って自分のものにすること。
略伝,りゃくでん,主要な経歴だけを記した伝記。簡略な伝記。
略表,りゃくひょう,概略だけを示した簡単な表。
略服,りゃくふく,略式の衣服。略装。
略文,りゃくぶん,主要な事柄以外を省略して書いた文章。略筆。
略名,りゃくめい,正式の名前の一部をはぶいて短くした名前。略称。
略目,りゃくもく,略式の目録。
略歴,りゃくれき,おおまかな経歴。また、それを記したもの。
略解,りゃっかい,要点だけを解き明かすこと。また、その書。りゃくげ。
略記,りゃっき,１ あらましや要点だけを簡略に記すこと。また、その記したもの。２ 略して短く表記すること。
理由,りゆう,１ 物事がそうなった、また物事をそのように判断した根拠。わけ。子細(しさい)。事情。２ いいわけ。口実。３ 哲学で、論理的関係においては結論に対する前提、実在的関係においては結果に対する原因。根拠。４ 宮部みゆきの長編小説。嵐の夜に起きた一家四人の殺害事件をめぐるミステリー。平成10年（1998）刊行。同年、第120回直木賞受賞。
留意,りゅうい,ある物事に心をとどめて、気をつけること。
流域,りゅういき,河川の流れに沿う地域。また、河川に流れ込む降水の降り集まる地域。集水地域。その河川の分水界に囲まれた地域。
溜飲,りゅういん,飲食物が胃にとどこおって、酸性の胃液がのどに上がってくること。
隆運,りゅううん,勢い盛んな運命。盛運。
流下,りゅうか,流れくだること。
流会,りゅうかい,会合が成立しないで取りやめになること。
留学,りゅうがく,他の土地、特に外国に在留して学ぶこと。
流汗,りゅうかん,汗を流すこと。また、流れ出る汗。
流期,りゅうき,質物の流れる期限。
隆起,りゅうき,１ ある部分が高く盛り上がること。２ 陸地が周囲、特に海水面に対して相対的に上昇すること。３ 物事の勢いの高まること。また、勢いを高めること。
流儀,りゅうぎ,１ 物事のやり方。２ 技術・芸能などで、その人や流派に伝わっている手法・様式。
竜宮,りゅうぐう,深海の底にあって竜神や乙姫(おとひめ)などが住むという、想像上の宮殿。竜宮城。
流血,りゅうけつ,血を流すこと。また、流れ出る血。
流言,りゅうげん,根も葉もないうわさを言いふらすこと。また、そのうわさ。デマ。流説。るげん。
流行,りゅうこう,１ 世間に広く行われ、用いられること。服装・言葉・思想など、ある様式や風俗が一時的にもてはやされ、世間に広まること。はやり。２ 病気などが、急速な勢いで世の中に広がること。３ 蕉風俳諧で、句の姿が、その時々を反映して変化していくもの。
流砂,りゅうさ,１ 水に押し流されて運ばれた砂。りゅうしゃ。２ 水を含んで流動しやすい砂。りゅうしゃ。３ 砂漠。特に、中国西北方の砂漠をさしていう。りゅうしゃ。
流産,りゅうざん,１ 妊娠22週未満で妊娠が中絶すること。妊娠12週以降22週未満で流産した場合は、死産届・埋葬許可証が必要となる。２ 計画・事業などが実現に至らず中途でだめになること。
粒子,りゅうし,１ 物質を構成している微細なつぶ。素粒子・原子・分子など。２ ある物質の一部としての細かい粒。３ 写真などの画面の精密さ。
流失,りゅうしつ,水などに押し流されてなくなること。
流出,りゅうしゅつ,１ 流れて外へ出ること。２ 内部のものが、外部に出て行ってしまうこと。
隆昌,りゅうしょう,勢いの盛んなこと。栄えること。隆盛。
粒状,りゅうじょう,つぶになっている状態。つぶじょう。
粒食,りゅうしょく,１ 穀類を食べること。特に、米を食べること。２ 穀物を粉にひかず、つぶのまま調理して食べること。粉食に対していう。
竜頭,りゅうず,１ 竜の頭。また、それをかたどったもの。２ 釣鐘を梁(はり)につるすためのつり手。３ 仏具の幡(ばん)のさおの先につけるつり手。４ 兜(かぶと)の前立(まえだて)につける飾り。たつがしら。５ 腕時計・懐中時計のぜんまいを巻き、針を動かすためのつまみ。
流水,りゅうすい,１ 流れ動く水。水のながれ。２ 水道の蛇口から流れ出る水。
流星,りゅうせい,１ 宇宙塵(うちゅうじん)が地球の大気中に高速で突入し、発光する現象。高度100キロ付近で衝突・発熱して輝き、多くは大気中で消滅する。特に明るいものを火球という。大きなものは地上に落下し、隕石(いんせき)という。流れ星。２ 花火などで、流星のように光が尾をひいて流れ落ちてくるもの。流星火。３ 日本海軍の艦上攻撃機。機種の統合整理のために艦上攻撃機 (水平爆撃および雷撃) と艦上爆撃機 (急降下爆撃) の両方の任務に適するものとして愛知航空機が開発した。性能は優秀で，軽快な空戦能力と強力な武装をもっていた。しかし完成が遅れ，戦列に加わったのが 1944年後期だったため肝心の航空母艦が壊滅状態になっていて，実戦にはほとんど出動しないうちに終戦となった。エンジンは誉 (1825馬力) ４ 歌舞伎舞踊曲。清元。変化物。本名題『日月星昼夜 (じつげつせいちゅうや) の織分 (おりわけ) 』。作詞河竹新七 (のちの黙阿弥) ，作曲清元順三。振付5世西川扇蔵。安政6 (1859) 年江戸市村座で初演。4世清元延寿太夫が出語りをつとめた。七夕の夜，牽牛と織女が年に一度の逢瀬を楽しむところへ流星が飛んできて，雷夫婦のけんかを注進するという話で，当時流行の端唄が取入れられている。５ 池波正太郎の時代小説短編集。1972年刊行。「鬼平犯科帳」シリーズ。６ 日本のポピュラー音楽。歌はJ-POP男性デュオ、コブクロ。2010年発売。作詞・作曲：小渕健太郎。同年フジテレビ系で放送されたドラマ「流れ星」の主題歌に起用。第26回日本ゴールドディスク大賞ソング・オブ・ザ・イヤー・バイ・ダウンロード受賞。
隆盛,りゅうせい,勢いが盛んなこと。また、そのさま。隆昌。
流説,りゅうせつ,言いふらされている根拠のないうわさ。流言。るせつ。
流速,りゅうそく,気体や液体の流れの速さ。
流賊,りゅうぞく,所を定めず諸地方で悪事をなす盗賊。
流体,りゅうたい,気体と液体との総称。外力に対して容易に形を変える性質をもつもの。流動体。
榴弾,りゅうだん,比較的薄肉の外殻の中に大量の炸薬(さくやく)を充填(じゅうてん)した破壊力の強い砲弾。
留置,りゅうち,人や物を一定の支配のもとにとどめておくこと。特に、刑事手続きで、人を一定の場所に拘束すること。
流暢,りゅうちょう,言葉が滑らかに出てよどみないこと。また、そのさま。
流通,りゅうつう,１ 空気や水などが、滞らずに流れかようこと。２ 広く通用すること。また、広く行われること。３ 貨幣・商品などが経済界や市場で移転されること。特に、商品が生産者から消費者に渡ること。
流動,りゅうどう,１ 流れ動くこと。また、移り変わること。２ 変形した岩石で，応力を受けた物質の漸次的な曲りやすさ（yielding）に関係している．曲りやすさは可逆的または永久変形で，物質では粒子の結合が保たれている。
流入,りゅうにゅう,１ 流体が流れ込むこと。２ 多くの人や金などが外部から入り込んでくること。
留任,りゅうにん,転任・退任などをせず、今までの役職にそのままとどまること。
留年,りゅうねん,学生が進級・卒業するのに必要な単位を取得しないで、原級にとどまること。
流派,りゅうは,技芸・芸術などで、方法・様式・主義などの違いから区別される、それぞれの系統。
柳眉,りゅうび,柳の葉のように細く美しいまゆ。美人のまゆのたとえ。やなぎのまゆ。
留別,りゅうべつ,旅立つ人が、あとに残る人に別れを告げること。
留保,りゅうほ,１ すぐその場で行わないで、一時差し控えること。保留。２ 法律で、権利や義務を残留・保持すること。国際法上は、多数国間の条約で、ある当事国が特定の条項を自国には適用しないと意思表示すること。
流亡,りゅうぼう,定住の地がなくさすらい歩くこと。流浪。
流木,りゅうぼく,１ 海や川に漂い流れる木。ながれ木。２ 山から切り出し、川を流し下す木材。ながし木。
流民,りゅうみん,居所を失って他郷をさすらう民。流浪の民。流氓(りゅうぼう)。るみん。
柳腰,りゅうよう,柳の枝のように細くしなやかな腰。美人の腰をたとえていう語。やなぎごし。
流用,りゅうよう,１ 定まっている使途をはずれて別のことに用いること。２ 予算執行上の必要から、歳出予算または継続費に定められた経費を財務大臣の承認を経て同一の項に属する各目の間で融通し、融通を受けた目の経費とすること。
流離,りゅうり,故郷を離れてあちこちをさまよい歩くこと。流浪。
流流,りゅうりゅう,１ それぞれの流派・流儀。２ それぞれの仕方、それぞれの方法があること。
粒粒,りゅうりゅう,１ たくさんの粒を感じるさま。２ 粒状に表面に現れるさま。また、たくさんの粒となって流れるさま。３ 字を離して書くさま。ぽつりぽつり。４ まるまると肥えているさま。ふっくら。５ こまごまと。くわしく。６ 胸がどきどきと鳴るさま。７ 針目をあけ無造作に縫うさま。ぶつぶつ。８ 勢いよく切り刻むさま。９ 物の煮える音を表す語。１０ 口の中でぶつぶつ言うさま。ぶつぶつ。１１ たくさんの粒状のもの。また、その一つ一つ。ぼつぼつ。
隆隆,りゅうりゅう,１ 力強く盛り上がっているさま。２ 勢いの盛んなさま。
流量,りゅうりょう,水などの流体の流れる量。単位時間に断面を流れる流体の体積または質量で表す。
流麗,りゅうれい,よどみがなく美しいさま。詩文・音楽などがなだらかでうるわしいさま。
流路,りゅうろ,１ 水などが流れる道すじ。２ 物事が変化する経緯。３ 大規模に洗い流された地形で，断面が数mの長さで1m程度の深さに削剥されたものも見られ，平面的には直線的，蛇行，枝分れなどがある。
流露,りゅうろ,気持ちなどが外にあらわれ出ること。
利用,りよう,１ 役立つようにうまく使うこと。また、使って役に立たせること。２ 便宜的な手段として使うこと。方便にすること。
理容,りよう,１ 理髪と美容。２ 整髪や顔そりなど頭部・顔面の手入れをすること。
両足,りょうあし,左右両方の足。もろあし。両脚(りょうきゃく)。
良案,りょうあん,よい考え。名案。
領域,りょういき,１ ある力・作用・規定などが及ぶ範囲。また、その物事・人がかかわりをもつ範囲。２ 国際法上、国家の主権の及ぶ区域。領土・領海・領空からなる。３ コンピューターで、プログラム上のある操作が及ぶ範囲。また、ハードディスクなどの記憶装置上で操作が可能な範囲。
療育,りょういく,障害をもつ子供が社会的に自立することを目的として行われる医療と保育。
両腕,りょううで,左右両方の腕。もろうで。
良縁,りょうえん,１ 似合わしい縁組。よい縁談。２ 極楽往生ができるよい因縁。
良化,りょうか,状態・質などがよくなること。
良貨,りょうか,品質のよい貨幣。実際価格と法定価格との差が少ない貨幣。
凌駕,りょうが,他をしのいでその上に出ること。
了解,りょうかい,１ 物事の内容や事情を理解して承認すること。了承。２ ディルタイ哲学で、文化的、歴史的なものを生の表現とみなし、その生を追体験によって把握すること。理解。
領海,りょうかい,国家の領域の一部で、海岸に沿って一定の幅をもつ帯状の海域。現在は原則として12海里（約22キロ）とされている。
両替,りょうがえ,１ ある種の貨幣をそれと等しい額の他の種類の貨幣と交換すること。２ 有価証券や物品などを現金と交換すること。
両側,りょうがわ,相対する二つの側。両方の側。特に、川や道などの左右の側。
涼感,りょうかん,涼しそうな感じ。
猟官,りょうかん,官職を得ようとして、多くの者が争うこと。
量感,りょうかん,分量・重さがある感じ。彫刻・絵画などでは、表現された対象物の実在感・立体感などをいう。ボリューム。
両岸,りょうがん,川などの左右両方の岸。りょうぎし。
両眼,りょうがん,左右両方の目。双眼。
僚機,りょうき,味方の飛行機。所属を同じくする飛行機。
猟奇,りょうき,奇怪・異常なものに強く興味をひかれ、それを捜し求めること。
猟期,りょうき,１ 狩猟に適した時期。２ 「狩猟期」に同じ。
良器,りょうき,１ よい器物。よいうつわ。２ よい器量。すぐれた才能。また、その持ち主。
量器,りょうき,１ 物の量をはかる器具。ます。２ 有用の才能。器量。
両脚,りょうきゃく,左右両方のあし。双脚。両足。
陵丘,りょうきゅう,小高い山。おか。丘陵。
料金,りょうきん,何かを使用または利用したことに対して支払う金銭。
両家,りょうけ,両方の家・家庭。
令外,りょうげ,令に規定されていないこと。
良計,りょうけい,よい計画。良策。
量刑,りょうけい,裁判所が、処断刑の範囲内で、個々の罪に対して言い渡すべき刑の種類や程度を決めること。刑の量定。
猟犬,りょうけん,狩猟に使役する犬。獲物の場所指示・狩り出し・格闘・回収などに用いる。
良好,りょうこう,よいこと。好ましい状態であること。また、そのさま。
良工,りょうこう,１ 腕のよい職人。２ すぐれた画家や彫刻家。
良港,りょうこう,よい港。船を接岸したり停泊させたりするのにぐあいのよい港。
良妻,りょうさい,よい妻。賢い妻。⇔悪妻。
良剤,りょうざい,よい薬。良薬。
良材,りょうざい,１ 質のよい木材。また、よい材料。２ すぐれた人材。
良策,りょうさく,よい策。よい方法。
量産,りょうさん,同一規格の製品を大量につくること。大量生産。マスプロダクション。マスプロ。
漁師,りょうし,漁をして暮らしている人。
猟師,りょうし,狩猟を職業とする人。かりゅうど。
療治,りょうじ,病気やけがを治すこと。治療。
領事,りょうじ,外国において、自国の通商促進や自国民の保護、その他の証明事務などの業務を行う国家機関。
聊爾,りょうじ,１ いいかげんであること。考えのないこと。また、そのさま。２ ぶしつけで失礼なこと。また、そのさま。
両式,りょうしき,１ 二つの方式・様式。２ 両方の数式。
良識,りょうしき,物事の健全な考え方。健全な判断力。
良質,りょうしつ,質がすぐれていること。また、そのさま。
両日,りょうじつ,両方の日。ふつか。
良日,りょうじつ,事を行うのによい日。吉日。
両者,りょうしゃ,両方の者。双方。
寮舎,りょうしゃ,寮の建物。
良主,りょうしゅ,よい主人。りっぱな君主。
良種,りょうしゅ,よい品種。また、よい種子。
良酒,りょうしゅ,よい酒。うまい酒。美酒。
涼秋,りょうしゅう,１ 涼しい秋。２ 陰暦9月の異称。
領収,りょうしゅう,金品を受け取っておさめること。
領袖,りょうしゅう,１ えりと、そで。２ 人を率いてその長となる人物。ある集団の中の主となる人物。
猟銃,りょうじゅう,狩猟に用いる銃。
猟書,りょうしょ,書物、特に珍しい書物を探しまわって、買いあさること。
良書,りょうしょ,読んでためになる書物。
了承,りょうしょう,事情をくんで納得すること。承知すること。承諾。
料峭,りょうしょう,春風が肌にうすら寒く感じられるさま。
良将,りょうしょう,すぐれた武将。りっぱな将軍。
梁上,りょうじょう,梁(はり)のうえ。
猟色,りょうしょく,次々と女あさりをすること。漁色(ぎょしょく)。
糧食,りょうしょく,食糧。特に、備蓄・携行した食糧。
凌辱,りょうじょく,相手を傷つけるような言動をして、恥をかかせること。
両心,りょうしん,ふたごころ。二心。
両親,りょうしん,父親と母親。ふたおや。
良心,りょうしん,善悪・正邪を判断し、正しく行動しようとする心の働き。
良人,りょうじん,１ よい人。賢い人。２ 夫。３ 律令制で、賤民(せんみん)以外の者。口分田の班給を受け、租庸調を負担した。公民。
量水,りょうすい,河川・湖沼などの水位や水量をはかること。
領水,りょうすい,国家の領域に属する水域。領海と河川・湖沼などの内水とに分けられるが、領海と同義に用いられることもある。
両性,りょうせい,１ 男性と女性。雌性と雄性。２ 二つの異なる性質。３ 物質が酸とも塩基とも反応すること。
両生,りょうせい,陸上と水中との両方にすむことができること。
寮生,りょうせい,寄宿寮に住む学生・生徒。
良性,りょうせい,性質のよいこと。⇔悪性。
良政,りょうせい,よい政治。善政。
両説,りょうせつ,二つの説。対立する二つの論説。
僚船,りょうせん,仲間の船。同時におなじ仕事をしている別の船。
猟船,りょうせん,魚をとる船。漁船(ぎょせん)。
稜線,りょうせん,山の峰から峰へ続く線。尾根。
両全,りょうぜん,両方とも完全であること。また、二つとも完全にすること。
瞭然,りょうぜん,はっきりしていて疑いのないさま。明白であるさま。
寮則,りょうそく,寮生活をするときの規則。
良俗,りょうぞく,健全な風俗。よい慣習。
両端,りょうたん,１ 両方のはし。りょうはし。２ 物事の始めと終わり。本末。首尾。３ どっちつかずの態度。ふたごころ。
両断,りょうだん,二つにたち切ること。たち切って二つにすること。
了知,りょうち,はっきりと知ること。よく理解すること。
料地,りょうち,ある目的のために使用する土地。用地。
量地,りょうち,土地を測量すること。
領地,りょうち,領有している土地。所有し支配する土地。また、国家の主権の及ぶ土地。領土。
両手,りょうて,１ 左右両方の手。もろて。２ 10の数。
料亭,りょうてい,主として日本料理を出す高級な料理屋。
量的,りょうてき,量に関するさま。また、量の見地から見るさま。
領土,りょうど,１ 領有している土地。領地。２ 国家の統治権の及ぶ区域。土地からなる国家の領域であるが、広義には領海・領空を含めて用いられる。
両刀,りょうとう,刀と脇差(わきざし)。大小。
両統,りょうとう,１ 二つの血統。２ 二つの皇統。
良刀,りょうとう,よい刀。鋭利な刀。
両道,りょうどう,１ 二つの街道、また地方。２ 二つの方面。二道(ふたみち)。
糧道,りょうどう,１ 食糧を運ぶ道。２ 生活のかてを得る道。
了得,りょうとく,十分に理解し納得すること。悟ること。領得。
両得,りょうとく,１ 一度に二つの利を得ること。２ 両者がともに利益を得ること。
両隣,りょうどなり,左右両方の隣。右隣と左隣。
両人,りょうにん,両方の人。両名。ふたり。
菱脳,りょうのう,脳の発生の過程でできる脳胞の最も後方のふくらみ。内腔に第四脳室があり、やがて前部が後脳に、後部が髄脳に分化する。
両刃,りょうば,１ 刃物で、刃先の断面の左右両側に刃がついていること。また、その刃物。２ 刀剣などで、鎬(しのぎ)を境に両方に刃がついていること。また、その刃物。もろは。
猟場,りょうば,狩猟をする場所。かりば。
良馬,りょうば,よい馬。駿馬(しゅんめ)。
量販,りょうはん,同一規格の商品を、安くして大量に売ること。マスセールス。
寮費,りょうひ,寮生活をする者が寮に納める費用。
良否,りょうひ,よいことと、よくないこと。よしあし。
良筆,りょうひつ,１ よい筆。また、美しい筆跡。２ すぐれた文章。
良品,りょうひん,品質のよい品。
両部,りょうぶ,１ 二つの部分。両方の部分。２ 密教における二大法門。金剛界と胎蔵界。両界。３ 「両部神道」の略。
涼風,りょうふう,涼しい風。すずかぜ。
両蓋,りょうぶた,蓋が両方に付いていること。特に、懐中時計の表と裏との両面に金属性の蓋があるもの。
両分,りょうぶん,二つに分けること。二分。
領分,りょうぶん,１ 領有している土地。領地。２ 権限・能力などの及ぶ範囲。勢力下にある領域。
良兵,りょうへい,すぐれた兵士。精兵。また、すぐれた兵器。
両辺,りょうへん,１ 図形などの、二つの辺。２ 等号または不等号の左にある数式と右にある数式。右辺と左辺。
寮母,りょうぼ,寮にいて、寮生の食事などの世話をする女性。
霊簿,りょうぼ,過去帳のこと。
両方,りょうほう,１ 二つの方向・方面。２ 二つあるものの二つとも。双方。両者。３ 「両方綱」の略。
涼棚,りょうほう,暑さを避け涼むために腰を下ろす台。涼み台。
療法,りょうほう,治療のしかた。治療の方法。
良法,りょうほう,よい方法。うまいやり方。
梁木,りょうぼく,体操器具の一。高さ約4メートルの柱を2本立て、その頂に横木を渡して、つり棒・つり輪・つり縄などを取り付けたもの。
良木,りょうぼく,よい木。よい木材。良材。
糧米,りょうまい,食糧にする米。
両前,りょうまえ,洋服の上着やコートの打ち合わせを深くして、ボタンを2列につけたもの。ダブルブレスト。ダブル。
糧秣,りょうまつ,兵士の食糧と軍馬のまぐさ。
涼味,りょうみ,涼しい感じ。涼しそうな趣。
両目,りょうめ,両方の目。両眼。
両面,りょうめん,１ 表と裏の二つの面。両方の面。２ 二つの方向・方面。両方。３ 布の織りや染めの柄が表裏とも同じもの。また、表と裏とを同じ布で仕立てた着物。
良薬,りょうやく,よく効く薬。良剤。
僚友,りょうゆう,同じ職場の友。仕事仲間。
両雄,りょうゆう,二人の英雄。二人のすぐれた人物。
猟友,りょうゆう,よく一緒に猟をする友人。
領有,りょうゆう,自分のものとしてもつこと。領地としてもつこと。
領邑,りょうゆう,所領である土地。領地。
両用,りょうよう,一つの物が二通りに役立つこと。兼用で使えること。
療養,りょうよう,病気やけがの手当てをし、からだを休めて健康の回復をはかること。治療と養生。
両翼,りょうよく,１ 鳥や飛行機などの、左右のつばさ。２ 左右に張り出して位置するもの。軍隊の布陣の左右の部分など。３ 野球で、左翼と右翼。
料理,りょうり,１ 材料に手を加えて食べ物をこしらえること。また、その食べ物。調理。２ 物事をうまく処理すること。
両立,りょうりつ,二つの物事が同時に支障なく成り立つこと。
料率,りょうりつ,保険料・リース料・著作権料などの基準となる割合。→保険料率
両流,りょうりゅう,１ 二つの水の流れ。２ 二つの流派。３ 二つの血統。
稜稜,りょうりょう,１ かどだっているさま。また、気性などが厳しいさま。２ 寒さが厳しいさま。
喨喨,りょうりょう,音の明るく澄んで鳴り響くさま。
寥寥,りょうりょう,１ ひっそりとしてもの寂しいさま。また、空虚なさま。２ 数の非常に少ないさま。
両論,りょうろん,相対する二つの論。両方の議論。
両脇,りょうわき,１ 両方のわきの下。 ２ 人や物の左右のわき。
旅懐,りょかい,旅人としての思い。旅情。
慮外,りょがい,１ 思いがけないこと。また、そのさま。２ 無礼であること。また、そのさま。ぶしつけ。
旅客,りょかく,１ 旅をする人。旅行者。りょきゃく。２ 運賃を払って交通機関に乗る人。乗客。りょきゃく。
利欲,りよく,利をむさぼる心。利益を得ようとする欲望。
緑玉,りょくぎょく,１ 緑色の玉。２ 緑色の宝玉。エメラルド。
緑酒,りょくしゅ,緑色の酒。美酒。
緑茶,りょくちゃ,茶の若葉を摘んで蒸し、焙炉(ほいろ)の上でもみながら、葉の緑色を損なわないように乾燥させた茶。
緑土,りょくど,１ 草木の茂った土地。緑豊かな国土。２ 海緑石に近い化学成分の物質。凝灰岩などの火山ガラスが海底などで変質してできる。
旅券,りょけん,外国に旅行したり滞在したりするときに、その本国が本人の国籍や身分を証明し、相手国に便宜や保護を依頼する文書。
旅行,りょこう,家を離れて他の土地へ行くこと。旅をすること。たび。
旅愁,りょしゅう,１ 旅先で感じるわびしい思い。たびのうれい。客愁(かくしゅう)。２ 横光利一の小説。昭和12～21年（1937～46）発表。未完。パリを主要舞台として矢代と千鶴子との恋愛を軸に、東洋と西洋、伝統と科学などの問題を主題にした作品。
旅宿,りょしゅく,旅先で泊まること。旅泊。また、その宿。旅舎。
旅情,りょじょう,１ 旅に出て感じるしみじみとした思い。旅の情趣。たびごころ。２ 星新一のショートショート作品。つねならぬ話に収録。
緑化,りょっか,木を植えて緑をふやすこと。
旅亭,りょてい,旅館。宿屋。
旅程,りょてい,１ 旅行の道程。２ 旅行の日程。
旅店,りょてん,宿屋。はたごや。旅館。
旅嚢,りょのう,旅行のとき必要な物を入れて持っていく袋。
旅泊,りょはく,旅先で泊まること。旅の宿り。旅宿。
旅費,りょひ,旅の費用。路用。旅用。
離陸,りりく,航空機などが陸地を離れて飛び立つこと。
利率,りりつ,元金に対する利息の割合。年利・日歩(ひぶ)などで表す。
履歴,りれき,１ その人が経てきた学業・職業など。経歴。２ コンピューターで、データの送受信などの記録のこと。
理路,りろ,物事の道理。考えや話などの筋道。
理論,りろん,１ 科学研究において、個々の現象や事実を統一的に説明し、予測する力をもつ体系的知識。狭義には、明確に定義された概念を用いて定式化された法則や仮説を組み合わせることによって形作られた演繹的体系を指す。２ 特定の研究領域や個々の学者の学説や見解を指すこともある。３ 実際の経験から離れて純粋に思考の中で組み立てられた知識。「実践」に対立し、否定的意味で使われることが多い。空理空論。４ 物事の道理・筋道などについて論じ合うこと。また、その議論。
霖雨,りんう,何日も降りつづく雨。ながあめ。
鱗雲,りんうん,うろこぐも。巻積雲。
林縁,りんえん,森林の、草地や裸地に接する部分。微気候条件の変化があり、林内と異なる多様な動植物がみられる。
燐火,りんか,墓地や湿地で発生する青白い火。人魂(ひとだま)。鬼火。狐火(きつねび)。
輪禍,りんか,自動車や電車などにひかれたり、はねられたりする災難。
隣家,りんか,となりの家。となり。
臨海,りんかい,海にのぞんでいること。
臨界,りんかい,１ さかい。境界。２ 物質が臨界温度・臨界圧力に達すること。臨界状態になること。３ 核分裂連鎖反応で、中性子の生成と消失とが均衡状態になること。原子炉では、核分裂連鎖反応が一定の割合で継続するようになること。
鱗介,りんかい,魚類と貝類。また、海産動物の総称。魚介。
輪郭,りんかく,１ 物の外形を形づくっている線。２ 物事の大体のありさま。概要。アウトライン。
林学,りんがく,森林と林業に関する技術や経営・経済などについて研究する学問。
輪換,りんかん,同一耕地に3種またはそれ以上の作物を代わる代わる耕作したり、放牧地をいくつかに区切って順に放牧したりする農業方式。
臨機,りんき,その時その場に応じて適切な手段をとること。
稟議,りんぎ,会社・官庁などで、会議を開催する手数を省くため、係の者が案を作成して関係者に回し、承認を求めること。
林業,りんぎょう,森林を育成し保護して、主に木材を生産する産業。山菜の採取や木炭製造なども含む。
輪形,りんけい,輪のような丸い形。わがた。
鱗形,りんけい,鱗(うろこ)のような形。うろこがた。
臨月,りんげつ,出産の予定の月。うみづき。
輪光,りんこう,輪のように見える光。
輪講,りんこう,一つの書物を何人かで順番に講義すること。
隣好,りんこう,隣家や隣国と仲よくすること。となりとのよしみ。
林産,りんさん,山林から産出すること。また、その産物。
臨死,りんし,死に瀕して、生と死の境をさまようこと。また、いったん死んだとみなされたのちに再び生き返ること。
臨時,りんじ,１ あらかじめ定めた時でなく、その時々の事情に応じて行うこと。２ 一時的であること。その期間だけであること。
隣室,りんしつ,となりの部屋。
臨写,りんしゃ,原本や手本を見て字や絵などをかき写すこと。
臨終,りんじゅう,人が死のうとするまぎわ。死にぎわ。末期(まつご)。また、死ぬこと。
臨書,りんしょ,書道で、手本を見ながら字を書くこと。また、そのようにして書いた書。
林床,りんしょう,森林の地表面。光が林冠により遮られるため、耐陰性の強い植物や菌類などが生育。
臨床,りんしょう,病床に臨んで診療すること。患者に接して診察・治療を行うこと。
輪唱,りんしょう,合唱で、同一の旋律を二つ以上の声部が一定の間隔をおいて追いかけるように歌うこと。
臨場,りんじょう,その場所にのぞむこと。また特に、会場や式場などに行くこと。
輪状,りんじょう,輪のような形。環状。
鱗状,りんじょう,うろこのような形状。
吝嗇,りんしょく,ひどく物惜しみをすること。また、そのさま。けち。
隣人,りんじん,となりに住む人。となり近所の人。また、自分のまわりにいる人。
林政,りんせい,林業に関する行政。
臨席,りんせき,その席に臨むこと。会や式典などに出席すること。
隣接,りんせつ,となり合っていること。
鱗屑,りんせつ,表皮の角質が肥厚し、剥離(はくり)したもの。皮膚病にみられる。
臨戦,りんせん,戦いに臨むこと。戦闘に対応すること。
輪台,りんだい,園芸で、大輪の花を咲かせるために、針金を曲げて作った菊花の台。
林地,りんち,林業の対象とする土地。
臨地,りんち,現地に出かけること。
隣地,りんち,隣接している土地。となりの土地。
林中,りんちゅう,林のなか。林間。
鱗虫,りんちゅう,うろこのある動物。蛇など。
輪蹄,りんてい,車輪と馬蹄(ばてい)。転じて、車馬。
輪転,りんてん,１ 輪が回ること。また、輪を描いて回ること。２ 仏語。生ある者が迷妄に満ちた生死を絶え間なく繰り返すこと。三界・六道に生まれ変わり、死に変わりすること。インドにおいて業(ごう)の思想と一体となって発達した考え。流転。転生。
林道,りんどう,林の中の道。特に、林産物を運ぶために山林中に通した道。
輪読,りんどく,数人が一つの本を順番に読んで解釈をし、問題点について論じ合ったりすること。
輪伐,りんばつ,森林を区切って、一区画ずつ順に伐採すること。
輪番,りんばん,１ 大勢の人が順をきめて交替で事に当たること。まわりもち。まわり番。２ 寺役を順番に交替して務めること。また、その役僧。浄土真宗では、別院を統轄する役職をいう。
輪舞,りんぶ,大勢の人が輪になって回りながら踊ること。また、その踊り。
鱗片,りんぺん,１ うろこの一片。また、うろこ状のものの細片。２ 生物の体表面にある、うろこ状の構造物。鱗粉(りんぷん)や鱗片葉(りんぺんよう)など。
林木,りんぼく,森林の樹木。
臨本,りんぽん,書画を臨写するための手本。
林務,りんむ,森林に関する業務。
厘毛,りんもう,厘と毛。転じて、きわめてわずかなこと。ほんの少しの金額。
鱗毛,りんもう,葉などの表面に生える、多細胞からなる盾状やうろこ状の毛。グミなどにみられる。
林野,りんや,森林と原野。森林と野原。
淪落,りんらく,落ちぶれること。落ちぶれて身をもちくずすこと。
倫理,りんり,１ 人として守り行うべき道。善悪・正邪の判断において普遍的な規準となるもの。道徳。モラル。２ 「倫理学」の略。
淋漓,りんり,１ 水・汗・血などが、したたり流れるさま。２ 勢いなどが表面にあふれ出るさま。
隣里,りんり,となりのさと。隣村。隣邑(りんゆう)。
林立,りんりつ,林のように、たくさんのものが並び立つこと。
吏員,りいん,公共団体の職員。公吏。
梨園,りえん,１ 梨(なし)の木を植えた庭園。２ 俳優の社会。特に、歌舞伎役者の世界。
李下,りか,スモモの木の下。
李花,りか,スモモの花。
梨花,りか,ナシの花。
裏海,りかい,１ 陸地に入り込んだ海。また、陸地に挟まれた海。内海(ないかい)。２ カスピ海のこと。
離角,りかく,天球上で、二つの天体の間の角距離。
利器,りき,１ 鋭利な刃物。鋭い武器。２ 便利な機械・器具。３ すぐれた才能。
力泳,りきえい,力いっぱい泳ぐこと。
力士,りきし,１ 相撲取り。２ 金剛杵(しょ)を持って仏法を守護する神。大力をもって悪魔を降伏(ごうぶく)する。寺門の左右に置かれる。門の向かって右を密迹(みっしゃく)金剛、左を那羅延(ならえん)金剛という。仁王。金剛手。金剛神。３ 力の強い人。力持ち。
力者,りきしゃ,１ 平安末期以後、髪をそった姿をし、院・門跡・寺院・公家・武家などに仕えて力仕事に携わった従者。輿(こし)を担ぎ、馬の口取りをし、長刀(なぎなた)を持つなどして供をした。力者法師。青法師。２ 力の強い者。力持ち。特に、力役を務めた従者。陸者(ろくしゃ)。陸尺(ろくしゃく)。３ 相撲取り。力士。
力車,りきしゃ,１ 荷物をのせて人力で引く車。ちからぐるま。２ 後ろの座席に人を乗せ、梶棒を両手で持ち、人の力で引く二輪車。明治2年（1869）和泉要助・高山幸助・鈴木徳次郎らが考案し、明治・大正にかけて盛んに利用された。
力積,りきせき,力と、それが作用していた時間との積。力が時間により変化する場合には、力をそれが作用した時間で積分した値。力積は力を受ける物体の運動量の変化に等しい。インパルス。
力戦,りきせん,力いっぱい戦うこと。力闘。
力線,りきせん,力の場を表す曲線群。曲線の各点での接線の方向は、その場における力の方向と一致する。電気力線・磁力線など。
力漕,りきそう,ボートなどを力いっぱいこぐこと。
力走,りきそう,力いっぱい走ること。
力対,りきつい,物体の異なる二点に作用する力で、大きさが等しく方向が反対で作用線が平行な一対の力。物体の回転運動を生ずる。
力投,りきとう,野球で、投手が力をふりしぼって投球すること。
力編,りきへん,小説・映画などで、精力をこめてつくり上げられた作品。力作。
離宮,りきゅう,皇居・王宮とは別に設けられた宮殿。
犂牛,りぎゅう,まだらな毛色の牛。
鯉魚,りぎょ,鯉(こい)のこと。
力率,りきりつ,交流回路における実効電力の皮相電力（電圧と電流の積）に対する比。交流回路では電圧と電流に位相差があり、その余弦の値に等しい。実効電力は電圧・電流・力率の積となる。
陸尉,りくい,陸上自衛官の階級の一。陸佐の下、准陸尉の上の位で、一・二・三等がある。諸外国および旧日本陸軍の尉官に相当する。
陸海,りくかい,１ 陸と海。陸上と海上。２ 陸軍と海軍。
陸風,りくかぜ,海岸地方で、晴れた日の夜、陸から海へ向かって吹く風。穏やかな風で、陸軟風ともいう。りくふう。
陸亀,りくがめ,カメ目リクガメ科の爬虫(はちゅう)類の総称。陸生で、大形のものが多い。ゾウガメなど。
六義,りくぎ,１ 「詩経」における詩の六種の分類。内容上の分類にあたる風・雅・頌(しょう)と、表現上の分類にあたる賦(ふ)・比・興(きょう)。２ 和歌の六種の風体。紀貫之(きのつらゆき)が1を転用して古今集仮名序で述べた、そえ歌・かぞえ歌・なずらえ歌・たとえ歌・ただごと歌・いわい歌。３ 書道の六種の法。筆法・風情(ふぜい)・字象・去病(きょへい)・骨目(こつもく)・感徳。４ 漢字の成立と用法に関する六種の分類。象形・指事・会意・形声・転注・仮借(かしゃ)。六義。５ 物事の道理。
陸軍,りくぐん,陸上戦闘を主な任務とする軍備・軍隊。日本では明治維新後、天皇の統帥のもとに海軍と併存したが、第二次大戦後廃止。
六芸,りくげい,１ 中国、周代に、士以上の者の必修科目とされた六種の技芸。礼・楽・射・書・御(ぎょ)（＝馬術）・数。２ 儒教で貴ぶ六種の経典。すなわち「易経(えききょう)」「書経(しょきょう)」「詩経(しきょう)」「春秋」「礼記(らいき)」「楽経(がくけい)」。のち「楽経」が亡んだので、かわりに「周礼(しゅらい)」を加えて六経という。六籍(りくせき)。六芸。
陸行,りくこう,陸路を行くこと。
六合,りくごう,天地と四方。上下四方。また、天下。世界。全宇宙。六極(りっきょく)。
陸佐,りくさ,陸上自衛官の階級の一。陸将補の下、陸尉の上の位で、一・二・三等がある。諸外国および旧日本陸軍の佐官に相当する。
陸士,りくし,陸上自衛官の階級の一。陸曹の下で、陸士長および一・二等がある。諸外国および旧日本陸軍の兵に相当する。
陸自,りくじ,自衛隊の一。陸上幕僚監部・方面隊・ヘリコプター団・通信団などの部隊や各種学校などからなり、統合幕僚長の補佐を受けた防衛大臣の統括の下に、陸上における防衛を主な任務とする。昭和29年（1954）保安隊を改組・改称して設置。
六事,りくじ,人として心がけるべき、慈・倹・勤・慎・誠・明の六つのこと。
六出,りくしゅつ,雪のこと。六花。六出花。
六書,りくしょ,１ 漢字の成立と用法に関する六種の分類。象形・指事・会意・形声・転注・仮借(かしゃ)。六義。２ 漢字の六種の書体。大篆(だいてん)・小篆・八分(はっぷん)・隷書・行書・草書。また、古文・奇字・篆書・隷書・繆篆(びゅうてん)・虫書。六書(りくしょ)。ろくたい。
陸将,りくしょう,陸上自衛官の階級の一。陸将補の上で最高位。諸外国および旧日本陸軍の大・中将に相当する。
陸相,りくしょう,陸軍大臣の略称。
陸図,りくず,地形を詳細に示す地図。山や川、道路・鉄道・集落なども含めた土地の状態を表し、ふつう、等高線で起伏を表す。
陸水,りくすい,海水以外の、陸地にある水。湖沼水・河川水・地下水・氷河など。
陸戦,りくせん,陸上での戦闘。陸上戦。
陸前,りくぜん,旧国名の一。明治元年（1868）陸奥(むつ)国から分国。現在の宮城県の大部分と岩手県の一部。
陸曹,りくそう,陸上自衛官の階級の一。准陸尉の下、陸士の上の位で、陸曹長および一・二・三等がある。諸外国および旧日本陸軍の下士官に相当。
六体,りくたい,１ 漢字の六種の書体。大篆(だいてん)・小篆・八分(はっぷん)・隷書・行書・草書。また、古文・奇字・篆書・隷書・繆篆(びゅうてん)・虫書。六書(りくしょ)。ろくたい。２ 「書経」の六種の文体。典・謨(ぼ)・誓・命・訓・誥(こう)。ろくたい。
陸棚,りくだな,１ 地理学上、大陸周辺にある、深海に向かう傾斜が大きくなる部分までの海底。おおむね水深約200メートルまでの領域。陸棚。２ 国連海洋法条約で認められた、各国が海底資源を優先的に利用できる海底。その国の排他的経済水域（沿岸200海里）の外側150海里か、水深2500メートルの等深線から100海里のいずれか遠い方の範囲内で認められる。
陸中,りくちゅう,旧国名の一。明治元年（1868）陸奥(むつ)国から分国。現在の岩手県の大部分と秋田県の一部。
陸田,りくでん,１ はたけ。また、律令制下で、五穀をつくる乾田のこと。白田。２ 畑にポンプで水を入れて、水稲を栽培するようにしたもの。第二次大戦後に関東平野でみられた。
陸稲,りくとう,畑に栽培する稲(いね)。おかぼ。
陸島,りくとう,大陸の近くに位置し、大陸の一部が分離してできたと考えられる島。グレートブリテン島など。大陸島。
六徳,りくとく,１ 人の守るべき六種の徳目。知・仁・聖・義・忠・和。また、礼・仁・信・義・勇・知。２ 妻の行うべき六種の徳目。柔順・清潔・不妬(ふと)・倹約・恭謹・勤労。
陸幕,りくばく,防衛省に置かれ、防衛大臣に直属する機関の一。幕僚長の統率のもとに、陸上自衛隊の、防衛・教育訓練・装備・人事などに関する計画の立案、部隊の管理・運営などを行う。
陸封,りくふう,海、または海と陸水の両方で生活していた水生動物が、地形の変化などにより陸水に封じ込められ、そこで世代を繰り返すようになること。
陸兵,りくへい,陸上部隊の兵士。陸軍の兵士。
六法,りくほう,東洋画の制作・鑑賞のための六つの規範。南斉の謝赫(しゃかく)が「古画品録」の序で挙げた、気韻生動・骨法用筆・応物象形・随類賦彩・経営位置・伝模移写をいう。ろっぽう。
陸離,りくり,美しく光りきらめくさま。
利剣,りけん,１ 鋭利なつるぎ。よく切れる刀剣。２ 仏語。煩悩(ぼんのう)や邪悪なものを打ち破る仏法や智慧のこと。
理研,りけん,物理・化学の研究およびその応用などの研究を目的に、大正6年（1917）財団法人として設立された機関。第二次大戦後、株式会社科学研究所となったが、昭和33年（1958）政府の出資を得て特殊法人理化学研究所として整備された。平成15年（2003）文部科学省所管の独立行政法人として再発足。平成27年（2015）国立研究開発法人理化学研究所となる。企業や大学との共同研究、知的財産権等の産業界への技術移転も視野に入れ、知的財産戦略センター、新興・再興感染症研究ネットワーク推進センター、放射光科学総合研究センター、次世代スーパーコンピューター開発実施本部などを開設している。本所は埼玉県和光市。
俚言,りげん,１ 俗間に用いられる言葉。里人の言葉。俗言。俚語。２ その土地特有の単語や言い回し。俚語。
俚語,りご,１ 俗間に用いられる言葉。里人の言葉。俗言。２ その土地特有の単語や言い回し。
利札,りさつ,債券に付いている無記名証券。各期の利息債権を表章する有価証券で、券面から切り取って利息の支払いを受ける。クーポン。りふだ。
離山,りざん,１ 鉱山から去ること。２ 僧・尼が寺から去ること。３ 他と離れてそびえる山。孤峰。
離愁,りしゅう,別れの悲しみ。
犂鋤,りじょ,からすきとくわ。農具。
里人,りじん,村の人。さとびと。
栗鼠,りす,１ リス科の哺乳類。体長15～22センチ、尾長13～17センチ。冬毛では背が暗褐色か黄褐色で夏毛では淡黒褐色になり、毛はふさふさしている。樹上生で、果実・種子・芽などを主食とし、巣も樹上に作る。本州・四国に分布。日本りす。本土りす。２ 齧歯(げっし)目リス科の哺乳類のうち、樹上にすみ昼間活動するものの総称。日本にはニホンリスとエゾリスが生息し、タイワンリスが野生化している。尾は体長と同じくらい長くてふさふさし、動作はすばしこく、クリ・クルミなどの木の実を好む。広くは、リス科のうちムササビ類以外を総称し、シマリス、ジリスなども含まれる。きねずみ。くりねずみ。
利雪,りせつ,雪を資源として有効に利活用すること。主に、豪雪地帯での雪対策の語として用いられる。
離層,りそう,葉が落ちる前に葉柄に生じる特殊な細胞層。数層の細胞膜がゼラチン状に膨らんで互いに離れるか、中央の層が粘液化して離れる。落果・落花の際にも柄にみられる。
利他,りた,１ 他人に利益となるように図ること。自分のことよりも他人の幸福を願うこと。２ 仏語。人々に功徳・利益(りやく)を施して救済すること。特に、阿弥陀仏の救いの働きをいう。
離檀,りだん,菩提寺(ぼだいじ)と檀家(だんか)が関係を断つこと。
立夏,りっか,二十四節気の一。5月6日ごろ。暦の上で夏の始まる日。
律格,りっかく,１ おきて。規則。２ 漢詩の構成法の一。平仄(ひょうそく)・押韻(おういん)・対句などの称。格律。
律管,りっかん,調子笛の一種。古代中国で発明された、音楽の調律の標準となる管で、日本では主に雅楽で用いられた。12本の中空の竹または金属製の管を長短の順に並べ、下端を指でふさぎ、上端から息を吹き込んで鳴らす。
立教,りっきょう,宗教・宗派の教えが打ち立てられること。立宗。開宗。
六極,りっきょく,天地と四方。上下四方。また、天下。世界。全宇宙。六極(りっきょく)。
立件,りっけん,刑事事件において、検察官が公訴を提起するに足る要件が具備していると判断して、事案に対応する措置をとること。
律語,りつご,韻律のある言葉・文章。韻文。
立后,りっこう,三后（皇后・皇太后・太皇太后）を正式に定めること。きさきだち。
律師,りっし,１ 戒律に通じた僧。２ 僧綱(そうごう)の一。僧正・僧都(そうず)に次ぐ僧官。正・権の二階に分かれ、五位に準じた。
律詩,りっし,漢詩の一体。一定の韻律に従う8句からなる。第1・2句を起聯(きれん)（首聯）、第3・4句を頷聯(がんれん)（前聯）、第5・6句を頸聯(けいれん)（後聯）、第7・8句を尾聯（落句）といい、頷聯と頸聯とは対句法で構成される。偶数句に脚韻を踏む五言律と、第1句および偶数句に脚韻を踏む七言律とがある。律。
立射,りっしゃ,１ 小銃の射撃姿勢の一。立ったままで、両腕で銃を支え射撃をする仕方。たちうち。２ 弓道で、立った姿勢で矢をつがえて射ること。
立秋,りっしゅう,二十四節気の一。8月8日ごろ。暦の上で秋の始まる日。
立春,りっしゅん,二十四節気の一。節分の翌日。2月4日ごろ。暦の上で春がはじまる日。
立錐,りっすい,錐(きり)を立てること。
律旋,りつせん,日本音楽の理論上の音階の一。宮・商・角・徴(ち)・羽(う)の五声に嬰商(えいしょう)・嬰羽の2音を加えた律の七声のこと。相対的音程関係はレ・ミ・ファ・ソ・ラ・シ・ドの形になる。雅楽に用いられる音階。律旋。律。
律蔵,りつぞう,三蔵の一。仏教教団の戒律に関することを集めた聖典。
立大,りつだい,東京都豊島区にある私立大学。明治7年（1874）設立の聖パウロ学校に始まり、大正11年（1922）旧制の立教大学となり、昭和24年（1949）新制大学へ移行。
栗東,りっとう,滋賀県南部の市。琵琶湖南岸の平野にあり、道路交通の要地。南部に狛坂磨崖仏(こまさかまがいぶつ)がある。
立冬,りっとう,二十四節気の一。11月7日ごろ。暦の上で冬の始まる日。
立刀,りっとう,漢字の旁(つくり)の一。「刊」「列」などの「刂」の称。
立標,りっぴょう,航路標識の一。暗礁・浅瀬・露岩などの危険な場所に立てる警戒標識。
律文,りつぶん,韻律のある文章。韻文。
律法,りっぽう,ユダヤ教で、神から与えられた宗教・倫理・社会生活上の命令や掟。モーセの十戒はその典型。また、モーセ五書の総称。トーラー。
立法,りっぽう,法律を制定すること。特に、国会における法律の制定作用。
立面,りつめん,正面・側面などから水平に見た形。垂直に見た形に対していう。
律呂,りつりょ,日本音楽で、律と呂の音。また、十二律・音律・音階・旋法・調子などをさす。呂律。
利敵,りてき,敵に利益をもたらすこと。
利刀,りとう,よく切れる刀。鋭利な刀。
吏党,りとう,帝国議会開設時、藩閥政府を支持した大成会・国民協会などの党派の称。
吏道,りどう,官吏として行うべき仕事。官吏の役目。
里道,りどう,国道・県道以外の道路の旧称。
離農,りのう,農業をやめて他の職業に就くこと。
利分,りぶん,１ 利益となる部分。２ 利子。利息。
利弊,りへい,利益と弊害。
理法,りほう,道理にかなった法則。
吏務,りむ,役人としての職務。
略押,りゃくおう,花押(かおう)の代わりに用いられた簡単な符号。文字も花押も書けない者が代わりに書いた◯や△などの符号。
略儀,りゃくぎ,正式の手続きを一部省略して、簡単にしたやり方。略儀。
略言,りゃくげん,１ 簡略に要点だけを言うこと。また、その言葉。２ 語中で連続する二つの音節が結合して1音節が省略される現象。また、その語形。「みづつく（水漬）」が「みづく」、「あみしろ（網代）」が「あじろ」となる類。
略史,りゃくし,歴史の概略を簡単に述べたもの。
略綬,りゃくじゅ,勲章や褒章(ほうしょう)の代わりに用いる略式の綬。勲章の綬と同色で作られている。男子は左襟の孔(あな)に、女子は左胸に付け、勲章と併佩(へいはい)しない。円形略綬（一般服用）、布製略綬（軍服用）があり、円形略綬は勲章とともに授与される。
略装,りゃくそう,略式の服装。正式でない服装。
略読,りゃくどく,おおまかに読むこと。また、省略して読むこと。
略筆,りゃくひつ,１ 要点以外を省略して書くこと。また、その文章。省筆。略文。２ 文字の点画を略して書くこと。また、その文字。略字。
略譜,りゃくふ,１ 概略だけを記した簡単な系譜。２ 五線譜に対し、数字などで表した簡単な楽譜。
略帽,りゃくぼう,１ 略式の帽子。２ 軍隊で、戦闘・訓練の場合などに用いた帽子。戦闘帽。戦帽。
略本,りゃくほん,１ 内容に省略のある本。抄本。２ 同一作品の伝本のなかで、省略や欠落があって他本より内容の少ないもの。
略暦,りゃくれき,本暦から日常生活に必要な事項だけを抜き出して作った簡略な暦。
両個,りゃんこ,１ 2個。二つ。りゃん。２ 武士をあざけっていう語。りゃん。
硫安,りゅうあん,硫酸アンモニウムの通称。
柳営,りゅうえい,１ 将軍の軍営。幕府。２ 将軍。将軍家。
竜王,りゅうおう,１ 竜族の王。また、仏教で、竜神。２ 将棋で、飛車の成ったもの。成り飛車。竜。３ 将棋のタイトルの一。竜王戦の勝者がタイトルの保持者となる。
流音,りゅうおん,舌先を上顎(うわあご)に近づけ、その中間または両側から気息を通して発する有声の子音。［l］［r］など。
琉歌,りゅうか,沖縄の短詩形の歌謡。主に八・八・八・六形式で、叙情的な内容のものが多い。一般に三線(さんしん)を伴奏に歌われる。
硫化,りゅうか,１ 硫黄(いおう)と化合すること。また、硫黄との化合物であること。２ 生ゴムに硫黄または塩化硫黄などを混ぜて加熱し、ゴムの弾性を増加させる操作。分子間に橋かけ結合を作るもの。和硫。
粒界,りゅうかい,多結晶を構成する個々の結晶粒どうしの境界。結晶粒界。
竜角,りゅうかく,和琴(わごん)・箏(そう)の部分の名。本体上面の端にあって弦を支える駒。和琴では頭部だけ、箏では両端にあるが、特に頭部のものだけをさす場合がある。→雲角(うんかく)
流感,りゅうかん,インフルエンザウイルスを病原とする急性の呼吸器感染症。発熱・頭痛・全身倦怠感(けんたいかん)、筋肉痛などの症状がみられる。かぜ症候群に比べて全身症状が強く、症状が重い。以前は流行性感冒（流感）ともよばれた。
柳眼,りゅうがん,柳の若芽。
竜眼,りゅうがん,１ ムクロジ科の常緑小高木。葉は羽状複葉で、互生。春、黄白色の芳香のある小花を円錐状につけ、夏に淡褐色の球形の実を結ぶ。中の白色多肉の仮種皮は甘く、生食し、また漢方で用いる。中国南部の原産。２ 天子の目。りょうがん。
竜顔,りゅうがん,天子の顔。天顔。りょうがん。
竜旗,りゅうき,天子の旗。りょうき。
琉球,りゅうきゅう,沖縄のこと。中国側からの呼称。14世紀に沖縄島に北山・中山・南山の三つの小国家ができ、のち、中山が統一王朝を樹立。明に朝貢し、中国文化を輸入した。慶長14年（1609）薩摩(さつま)藩に征服されたが、中国との関係も維持。明治政府は明治5年（1872）琉球藩を設置、さらに明治12年（1879）王国体制を解体して沖縄県を設置した。
琉金,りゅうきん,金魚の一品種。体は短くて丸く、尾びれが大きく、赤色か赤白の斑。中国の原産。江戸時代に琉球を経て渡来。おなが。
流刑,りゅうけい,１ 刑罰の一。罪人を辺地・離れ島に送ること。流罪(るざい)。るけい。２ 旧刑法で、国事犯を島地の獄に幽閉して定役(ていえき)には服させなかった刑。有期と無期があった。
竜穴,りゅうけつ,１ 竜が住むという洞穴。室生寺の東にある室生竜穴神社の奥社にある。２ 風水で、竜脈に沿って山脈を流れる気が集中する場所。繁栄をもたらす吉祥の地とされ、都市・寺社・家屋などが建設された。
竜虎,りゅうこ,竜と虎(とら)。転じて、力量に優劣をつけがたい二人の英雄や豪傑。りょうこ。
竜骨,りゅうこつ,１ 船底の中心を、船首から船尾へ貫く主要部材。船の背骨となるもの。キール。間切り瓦。２ 古代哺乳動物の骨の化石。漢方で収斂(しゅうれん)・鎮静薬などに用いる。
竜座,りゅうざ,北天の大星座。小熊(こぐま)座を取り巻くように位置し、中心部は8月上旬の午後8時ごろ南中。黄道の極はこの星座のδ(デルタ)星の近くにある。
硫酸,りゅうさん,無機酸の一。純粋なものは無色で粘りけのある油状の液体。一般には水溶液をさし、濃度により希硫酸・濃硫酸という。濃硫酸は水と混合すると多量の熱を発生し、また脱水作用が強く、化合物中から水素と酸素を2対1の割合で奪う。工業的には、二酸化硫黄を接触法により酸化して三酸化硫黄とし、水に溶かして作る。化学工業の重要な基礎原料の一で、金属精錬・紡織・製紙・食品・染料・肥料・石油・合成樹脂などの分野で広く用いられる。
流竄,りゅうざん,１ 罪によって遠隔の地に追いやること。流罪(るざい)。るざん。２ 遠隔の地を流れさすらうこと。流浪(るろう)。
柳糸,りゅうし,柳の枝を糸にたとえた語。
流矢,りゅうし,１ 的を外れた矢。ながれ矢。それ矢。２ 飛んでくる矢。
流質,りゅうしち,１ 質流れ。ながれじち。２ 債務不履行の場合に、質権者に質物の所有権を取得させ、または質物を売却してその代金を優先弁済にあてさせること。民法は流質契約を無効とするが、営業質屋・公益質屋については例外として認める。
竜車,りゅうしゃ,天子の車。竜駕(りょうが)。りょうしゃ。
柳絮,りゅうじょ,白い綿毛のついた柳の種子。また、それが春に飛び漂うこと。
柳条,りゅうじょう,柳の枝。柳枝。
柳色,りゅうしょく,青々とした柳の色。
流人,りゅうじん,１ 他国をさすらう人。流浪の人。２ 流刑に処せられた人。るにん。
竜神,りゅうじん,１ 竜を神格化した呼び方。雨・水などをつかさどるとされ、漁師は海神として信仰することが多い。竜王。２ 仏法を守護する天竜八部衆の一。
流線,りゅうせん,流体中の各点の接線が、一定時刻における流れの方向に一致するように描かれた曲線。
流涎,りゅうぜん,食欲を催して、よだれを流すこと。また、うらやましがって物を欲しがること。垂涎(すいぜん)。
竜象,りゅうぞう,徳の高い僧を竜と象にたとえた語。また、僧を敬っていう語。
竜大,りゅうだい,京都市伏見区に本部がある私立大学。寛永16年（1639）西本願寺境内に設立された学寮を起源とし、大教校、竜谷大学林、仏教大学を経て、大正11年（1922）旧制の竜谷大学となり、昭和24年（1949）新制大学へ移行。
竜胆,りゅうたん,１ リンドウの根および根茎。漢方で健胃薬などに用いる。２ リンドウ科の多年草。山野に生え、高さ20～60センチ。葉は先のとがった楕円形で3本の脈が目立ち、対生する。秋、青紫色の鐘状の花を数個上向きに開く。根・根茎に苦味成分を含み、漢方では干したものを竜胆(りゅうたん)といい薬用。同科にはハルリンドウ・ミヤマリンドウやセンブリなども含まれる。えやみぐさ。にがな。ささりんどう。りゅうたん。りゅうどう。
流弾,りゅうだん,ながれだま。それだま。
留鳥,りゅうちょう,季節による移動をせず、一年じゅう同一地域にすむ鳥。日本ではスズメ・カラス・キジバト・カワセミなど。
立坪,りゅうつぼ,尺貫法の体積の単位。1立坪は6尺立方で、約1.8立方メートル。土木・建築で土・砂利などを測るのに用いる。たてつぼ。
竜笛,りゅうてき,雅楽用の竹製の横笛。長さ約40センチ、内径約1.3センチ、指孔7個で、大きさ・音色とも神楽笛と高麗笛(こまぶえ)の中間。唐楽・催馬楽(さいばら)などに用いる。横笛(おうてき)。りょうてき。
粒度,りゅうど,粉・土・石・骨材などの大小の粒の分布状態。また、その粒子の大きさ。
流灯,りゅうとう,盂蘭盆(うらぼん)の16日の夜、灯火をともした灯籠(とうろう)を川などに浮かべて流すこと。また、その灯籠。灯籠流し。
竜灯,りゅうとう,１ 夜、海上に光が連なって見える現象。竜神が神仏にささげる灯火と言い伝えられるところからの名。不知火(しらぬい)。２ 神社に奉納する灯火。
竜女,りゅうにょ,竜宮にいる竜王の娘。特に、沙羯羅(しゃがら)竜王の娘。8歳で悟りを開き、男子に生まれ変わって成仏したという。
竜脳,りゅうのう,１ 樟脳(しょうのう)に似た芳香をもつ無色の昇華性の結晶。リュウノウジュの材を蒸留して得られ、人工的には樟脳・テレビン油から合成。香料などに用いられる。ボルネオ樟脳。ボルネオール。２ フタバガキ科の常緑大高木。高さ50メートルに達する。葉は厚く、楕円形。花は白色で芳香があり、球形で翼がある実を結ぶ。材に竜脳を含み、濃赤色で堅く、マホガニーの代用にする。ボルネオ・スマトラなどに分布。
流氷,りゅうひょう,寒帯地方で氷結した海水が風や波のために砕かれて氷塊となり、凍っていない海へ漂流してくるもの。北海道のオホーツク海沿岸では1月中旬～4月中旬ごろ見られる。
立米,りゅうべい,立方メートルのこと。
立木,りゅうぼく,土地に生育する樹木、また、その集団。登記することによって、土地から独立した不動産として扱われる。
竜馬,りゅうま,将棋で、角(かく)の成ったもの。成り角。俗に「りゅうま」とも読む。
竜脈,りゅうみゃく,風水で、起伏しながら連なる山並みをいう。その中を地気が流れるという。
里余,りよ,1里あまり。
稜威,りょうい,天子の威光。みいつ。
良医,りょうい,医術にすぐれた医者。名医。
両院,りょういん,二院制における二つの議院。衆議院と参議院、明治憲法下では貴族院と衆議院。上院と下院。両議院。
涼雨,りょうう,夏に、涼しさをもたらす雨。
寮歌,りょうか,寄宿寮で生活する学生・生徒がともに歌うために作られた歌。一高の「嗚呼玉杯(ああぎょくはい)に花うけて」など。
燎火,りょうか,かがり火。庭火。
領会,りょうかい,物事の内容や事情を理解して承認すること。了承。
領解,りょうかい,１ 物事の内容や事情を理解して承認すること。了承。
領外,りょうがい,領地・領土の外。
稜角,りょうかく,１ とがったかど。かど。２ 多面体の稜が作る二面角。
僚艦,りょうかん,同じ任務に就いている、味方の軍艦。同じ艦隊に所属する軍艦。
涼気,りょうき,涼しい空気。涼しい気配。
両義,りょうぎ,両方の意味。二つの意味。
両極,りょうきょく,１ 両方のはし。また、二つのものがそれぞれ極端で、ひどくかけ離れていること。２ 北極と南極。３ 陽極と陰極。
良禽,りょうきん,よい鳥。賢い鳥。
両吟,りょうぎん,１ 連歌・連句を二人で付け合って詠むこと。また、その作品。２ 歌舞伎下座音楽で、下座唄を立唄(たてうた)と二枚目が二人でうたうこと。
猟区,りょうく,狩猟ができる区域。地方公共団体が都道府県知事の認可を得て設定する。
猟具,りょうぐ,狩猟に必要な道具。
霊供,りょうぐ,死者の霊に供える食物。また、霊前への供物。
領空,りょうくう,領土と領海の上空の空間からなる国家の領域。国家は領空に対して完全かつ排他的な主権を有する。高度については特に制限はないが、宇宙は特定の国家の主権に服さない自由な国際的空間とされる。
両口,りょうぐち,１ 両方の口。二つの出入り口。２ 馬の両脇に一人ずつついて手綱をとること。
両軍,りょうぐん,両方の軍隊。または、両方のチーム。
菱形,りょうけい,１ ヒシの実のようなかたち。２ 四角形のすべての辺の長さが等しいもの。このうち、すべての角が直角のものは正方形。斜方形。りょうけい。
涼月,りょうげつ,１ 陰暦7月の異称。２ 涼しく感じさせる月の光。
燎原,りょうげん,野原を焼くこと。また、火の燃えひろがった野原。
両虎,りょうこ,2匹の虎。互いに優劣をつけがたい二人の勇者や英雄のたとえにいう。
良賈,りょうこ,よい商人。すぐれた商人。
両国,りょうこく,１ 両方の国。ある物事にかかわる二つの国。２ 東京都墨田区南西部、隅田川東岸の地名。かつては両国橋の東西両岸の地域をいい、名は隅田川が武蔵・下総(しもうさ)両国の境をなしたことによる。回向院がある。
領国,りょうごく,領有している国。
両三,りょうさん,二つ三つ。二、三。多く漢語の名詞または助数詞の上に付いて用いられる。
両氏,りょうし,両方の人。
料紙,りょうし,１ 物を書くのに用いる紙。用紙。２ 料紙や書簡、また、草紙類などを入れておく箱。草紙箱。
良師,りょうし,よい師匠。すぐれた先生。
量子,りょうし,一定の最小単位の整数倍という不連続な値をとる物理量の、その最小単位量。プランクの量子仮説で提唱され、エネルギー量子とよばれたが、のちアインシュタインらにより普遍的に適用できることがわかった。クォンタム。
両次,りょうじ,二回。二度。
令旨,りょうじ,皇太子・三后の命令を書き記した文書。のち、親王・法親王・女院などのものもいう。れいし。
領主,りょうしゅ,１ 領国を支配している人。領土の持ち主。２ 平安時代以後、特定の土地を所有し、かつその土地と在住民を直接的あるいは代官などによって間接的に支配し収益する者。
両所,りょうしょ,１ 両方の場所。二つの場所。2か所。２ 二人の人を敬っていう語。お二人。お二方。
両序,りょうじょ,禅寺で、東序と西序(せいじょ)のこと。両班。
領掌,りょうしょう,１ 受け取ること。領収。２ 領地として支配すること。領知。３ 承諾すること。了承。
梁塵,りょうじん,１ 梁(はり)の上に積もっているちり。梁上のちり。２ すぐれた歌声。また、歌謡。音楽。
猟人,りょうじん,狩猟をする人。狩人(かりゅうど)。猟師。
両数,りょうすう,ある種の言語にみられる、文法範疇(はんちゅう)としての数の一。目・手など常に対をなすもの、対をなす神々、さらに一般的に二つのものについて、これを示す特別の語形をもつ言語があり、その特別の語形をいう。サンスクリット・ギリシャ語など古い層の印欧語、インドのムンダ語、南アジアのモン‐クメール語などにみられる。多くの言語では複数の中に入れられ、日本語にも文法範疇としての双数はない。両数。
霊山,りょうぜん,１ 福島県北東部、伊達(だて)市と相馬市との境にある山。標高825メートル。奇岩が連なる。慈覚大師建立の霊山寺跡や霊山城跡がある。２ 京都市東山区霊山町にある山。東山三十六峰の一。中腹に正法寺がある。
両総,りょうそう,上総(かずさ)・下総(しもうさ)2国の併称。
両袖,りょうそで,１ 左右両方の袖。２ 建造物・舞台・机などの左右両方のわきの部分。
両損,りょうぞん,１ 同時に二つの損をすること。２ 両者ともに損をすること。
良知,りょうち,１ 人が生まれながらにもっている、是非・善悪を誤らない正しい知恵。２ よい友。知友。
両朝,りょうちょう,二つの朝廷。また、2代の朝廷。
寮長,りょうちょう,寮生の取り締まりなどをする寮の責任者、また、代表者。
猟鳥,りょうちょう,法律で、捕獲することが認められている鳥。狩猟鳥。
両津,りょうつ,新潟県、佐渡島東部にあった市。両津湾に面し、佐渡島の玄関口として発展。平成16年（2004）佐渡郡9町村と合併し、佐渡島全島で佐渡市となった。
両天,りょうてん,１ 晴天と雨天。２ 晴雨兼用の傘。両天傘。３ 支点が中央にあるてこを用いて、物体の質量を分銅と比較測定するはかり。さおの両端に皿をつるすか載せるかし、一端の皿に測る物を、他端の皿に分銅を入れて、さおが水平になったときの分銅の重さで物の重さを知る。上皿天秤・化学天秤など。４ かんざしの両端に対(つい)の紋や花形などのあるもの。
両点,りょうてん,１ 漢文に返り点と送り仮名の両方をつけること。２ 漢文の訓読で、一語を音と訓との両方に読むこと。「浩汗」を「浩汗(こうかん)とおぎろなり」、「関関睢鳩」を「関関(かんかん)とやわらぎなける睢鳩(しょきゅう)のみさご」と読む類。文選読み。
良田,りょうでん,地味の肥えた田地。美田。
両度,りょうど,二度。再度。
両頭,りょうとう,１ 一つのからだに頭が二つあること。また、その頭。双頭。２ 二人の頭領・支配者。３ 両方。また、両方の端。両端。
領得,りょうとく,１ 十分に理解し納得すること。悟ること。領得。２ 自己または第三者のものとする目的で、他人の財物を不法に取得すること。
領内,りょうない,領地の中。
糧嚢,りょうのう,食糧を入れて背負ったり腰につけたりする袋。糧袋(りょうたい)。
良能,りょうのう,生まれながらに持っているすぐれた能力。また、その持ち主。
良農,りょうのう,すぐれた農民。
漁場,りょうば,漁をするのに適した場所。ぎょば。ぎょじょう。
両肌,りょうはだ,左右両方の肌。上半身の肌。両肌。
両番,りょうばん,江戸幕府の大番と書院番、のちには書院番と小姓組(こしょうぐみ)番の称。
良弼,りょうひつ,よい補佐の臣。良佐。良輔(りょうほ)。
両夫,りょうふ,二人のおっと。二夫。
猟夫,りょうふ,かりゅうど。猟師。
令法,りょうぶ,リョウブ科の落葉高木。山野に生え、樹皮はまだらにはげ、滑らか。葉は長楕円形で縁にぎざぎざがある。6～8月、白色の小花を総状につけ、実は褐色。若葉は古くから食用とされ、ゆでて飯にまぜ令法飯(りょうぶめし)を作る。材は床柱・器具や薪炭用。はたつもり。
良風,りょうふう,よい風俗や習慣。
両便,りょうべん,大便と小便。大小便。
稜堡,りょうほ,城壁や要塞の、外に向かって突き出した角の部分。また、そのような形式で造られた堡塁(ほるい)。大砲による攻撃の死角をなくすために考案されたもので、堡塁全体は星形となる。ヨーロッパで発達。日本では五稜郭などに取り入れられている。りょうほう。
陵墓,りょうぼ,みささぎと、はか。天子や天皇・皇后・太皇太后・皇太后を葬る所である陵と、その他の皇族を葬る所である墓。
良民,りょうみん,善良な人民。まじめな国民。
寮務,りょうむ,寮の事務。
量目,りょうめ,はかりにかけてはかった物の重さ。はかりめ。りょうもく。
両名,りょうめい,両方の人。両名。ふたり。
両毛,りょうもう,上毛野(かみつけの)と下毛野(しもつけの)の併称。上野(こうずけ)国と下野(しもつけ)国。
涼夜,りょうや,涼しい夜。
良夜,りょうや,月の明るい夜。特に、中秋名月の夜。
療友,りょうゆう,病院などで一緒に療養している仲間。
良友,りょうゆう,ためになるよい友人。益友。
両様,りょうよう,ふたとおり。二様。
綾羅,りょうら,あやぎぬとうすぎぬ。また、美しい衣服。羅綾。
良吏,りょうり,すぐれた役人。よい役人。
両輪,りょうりん,１ 二つの輪。二つある、両方の車輪。２ 両者が一組になって用をなすもののたとえ。
竜楼,りょうろう,１ 宮殿の楼門。りゅうろう。２ 皇太子の異称。
旅館,りょかん,１ 人を宿泊させることを業とする家。やどや。ふつう、ホテルなどに対して和風の宿をいい、また、民宿などに対して専業的に経営されているものをいう。２ 星新一のショートショート作品。つねならぬ話に収録。
旅雁,りょがん,遠くへ飛んで行く雁。
旅具,りょぐ,鞄などの旅行の道具、または旅先での生活に使う道具。
緑衣,りょくい,１ 緑色の衣服。２ 六位の官人が着た緑色の袍(ほう)。緑衫(ろうそう)。みどりのころも。
緑雨,りょくう,１ 新緑の季節に降る雨。２ 吉村昭の小説。死のある風景に収録。
緑眼,りょくがん,緑色がかった目。碧眼(へきがん)。
緑樹,りょくじゅ,青葉の茂った樹木。
緑色,りょくしょく,みどりいろ。グリーン。
緑水,りょくすい,緑色の水。青い色をした水。
力争,りょくそう,１ 力ずくで争うこと。２ 激しくいさめること。
緑草,りょくそう,緑色の草。青々とした草。
緑藻,りょくそう,植物の一門。葉緑素をもち、維管束はなく、生殖細胞は2本の同じ長さの鞭毛(べんもう)をもつ。アオノリ・アオサ・ミルなどの海藻と、ホシミドロ・アオミドロなどの淡水藻がある。緑藻類。
緑苔,りょくたい,緑色のこけ。青苔。
緑地,りょくち,草木のおい茂っている土地。
緑竹,りょくちく,緑色の竹。青々とした竹。
緑泥,りょくでい,主に大陸棚斜面上に分布する、多量の海緑石を含む緑色の泥質の堆積(たいせき)物。
緑豆,りょくとう,マメ科の一年草。葉は3枚の小葉からなる複葉。緑黄色の蝶形の花をつけ、長さ5～10センチのさやができ、中に緑色か灰黒色の豆が10粒ほどある。豆をあん・もやしなどを作るのに用い、粉ははるさめの原料にする。インドの原産。粒の大きさがそろっているので秤(はかり)の分銅に用いたという。やえなり。ぶんどう。
緑道,りょくどう,都市公園の一。都市部を中心に設けられる、歩行路または自転車路を主体とした緑地帯。
緑髪,りょくはつ,黒くつやのある髪。みどりのくろかみ。みどりのかみ。
緑礬,りょくばん,硫酸鉄（Ⅱ）の七水和物の俗称。
緑肥,りょくひ,緑色の生きている植物を田畑の土中にすき込んで肥料とすること。また、その植物。空中窒素固定を行うマメ科のレンゲソウ・ウマゴヤシ・シロツメクサや青刈りダイズなどが用いられる。草肥(くさごえ)。
緑風,りょくふう,青葉を吹く、初夏の風。薫風(くんぷう)。
緑便,りょくべん,乳児が消化不良などのときにする緑色の大便。
緑門,りょくもん,祝賀の際などに建てる、常緑樹の葉で包んだ弓形の門。グリーンアーチ。
緑野,りょくや,草木の青々と茂った野原。みどりの野原。
緑油,りょくゆ,コールタールを約270度から400度という高温で蒸留して得られる留分。タール中に約10～20パーセント含まれる。黄緑色の蛍光を発するため、緑油(りょくゆ)ともよばれる。
緑釉,りょくゆう,陶磁器の釉(うわぐすり)の一。鉛釉(えんゆう)の一種で発色剤の銅の酸化により、鮮やかな緑色を呈する。西洋・東洋で紀元前後から使用される。
緑葉,りょくよう,緑の木の葉。青葉。
緑林,りょくりん,青々とした林。
旅次,りょじ,旅の宿り。旅宿。また、道中。
虜囚,りょしゅう,とらわれた人。捕虜。
旅商,りょしょう,各地を旅しながら商売をすること。また、その人。行商。
旅人,りょじん,旅をする人。旅行者。たびびと。
旅装,りょそう,旅行をするときの服装。旅じたく。
旅団,りょだん,陸軍の部隊編制単位の一。一般に、師団と連隊との中間に位置する。
旅中,りょちゅう,旅をしている間。旅行中。
旅鳥,りょちょう,渡りの途中、春・秋に定期的に姿を見せる鳥。日本ではシギ・チドリ類に多い。
呂律,りょりつ,日本音楽で、律と呂の音。また、十二律・音律・音階・旋法・調子などをさす。呂律。
膂力,りょりょく,筋肉の力。また、腕力。
離離,りり,１ よくみのって穂や枝が垂れ下がるさま。２ 草木が生い茂っているさま。３ ばらばらに散らばっているさま。
吏僚,りりょう,官吏。役人。
離塁,りるい,野球で、走者が塁から離れること。リード。
燐安,りんあん,燐酸アンモニウムの俗称。
林園,りんえん,樹木の茂った庭園。
臨画,りんが,手本の絵を忠実に模写すること。また、その絵。
鱗芽,りんが,腋芽(えきが)で、養分を蓄えて多肉質の球状となったもの。オニユリのむかごなど。
林冠,りんかん,森林で、樹冠どうしが接して横に連なる部分。
林間,りんかん,林の中。
臨監,りんかん,その場に行って監督や監視をすること。特に、第二次大戦前、警官が演説会場や興行の現場に立ち会って、監視・取り締まりを行ったこと。
臨休,りんきゅう,「臨時休業」「臨時休暇」などの略。
輪業,りんぎょう,自転車の販売や修理を行う職業。
鱗茎,りんけい,地下茎の一。節間の短縮した茎に、養分を蓄えた肉厚の鱗片葉が多数重なって、球形や卵形をしているもの。タマネギ・ユリ・チューリップなど。園芸では球根という。
臨検,りんけん,１ その場に臨んで検査すること。２ 行政機関の職員が、行政法規の実施を監視するため、営業所・倉庫・工場などに立ち入ること。立ち入り。３ 租税の犯則事件の調査のため、収税官吏が現場に立ち入ること。４ 国際法上、船舶を拿捕(だほ)する際、その理由の有無を確かめるために船舶の書類を検査すること。
燐光,りんこう,１ 黄燐が空気中で酸化して発する青白い光。また、生体物質が腐敗・酸化するときに生じる光。２ ルミネセンスの一種。ある物質に光を与えると、その光の補給を停止してもしばらく残光が見られる現象。また、その光。
燐鉱,りんこう,燐酸カルシウムを多量に含む鉱物の総称。燐灰石・グアノなど。燐酸肥料の原料。
臨幸,りんこう,天皇が行幸してその場に臨むこと。臨御。
臨港,りんこう,港に面していること。港のすぐそばにあること。
輪行,りんこう,遠方でサイクリングを楽しむために、自転車を分解して専用の袋に入れ、鉄道やバスなどの公共機関に持ち込んで目的地まで移動すること。
隣郷,りんごう,となりむら。隣村。
隣国,りんごく,となりの国。隣邦。
輪座,りんざ,転輪王の座。また、仏の座。
輪作,りんさく,同一耕地に一定年限をおいて異なる種類の作物を交代に繰り返し栽培すること。地力の低下や病虫害の発生を防ぐ効果がある。輪栽。
燐酸,りんさん,五酸化燐を水で処理して得られる一連の酸の総称。一般にはオルト（正）燐酸をさす。無色の粒状の結晶で、水によく溶け、ふつうは水溶液をいう。強い三塩基酸。加熱によりピロ燐酸、さらにメタ燐酸になる。生体に広く分布し、骨に多い。肥料・洗剤の製造や清涼飲料・歯科用セメントなど広く利用。
綸旨,りんじ,１ 天子などの命令。また、その内容。綸命。２ 蔵人(くろうど)が天皇の命を奉じて出す奉書形式の文書。平安中期以後に多く出され、料紙は多く薄墨色の宿紙(しゅくし)を用いた。
輪軸,りんじく,大小二つの円筒状の滑車を一つの軸に重ねるように固定した装置。同時に回転し、大滑車にかけた綱を引いて、小滑車につるした重量物を持ち上げる。てこの原理を応用したもの。
林鐘,りんしょう,１ 中国音楽の十二律の一。基音の黄鐘(こうしょう)より七律高い音。日本の十二律の黄鐘(おうしき)にあたる。２ 陰暦6月の異称。
輪生,りんせい,茎の一節に葉が3枚以上つくこと。クルマユリ・アカネなど。
隣席,りんせき,となりの席。
林泉,りんせん,１ 林や泉水を配して造った庭園。２ 世を逃れて隠れ住む地。
林葬,りんそう,四葬の一。死骸を林野に捨て鳥獣に施す葬法。野葬。
林藪,りんそう,１ 草木の茂ったところ。２ 草深い田舎。３ 物事の多く集まるところ。
輪相,りんそう,塔の頂上にある九輪の尖塔。相輪。
輪蔵,りんぞう,経蔵に設置した、一切経用の回転書架。中央の柱を中心に回転する。輪蔵。
鱗族,りんぞく,うろこのある動物。魚類。
隣村,りんそん,となりの村。となりむら。
臨池,りんち,習字。手習い。
輪灯,りんとう,仏前に灯を献ずるための、天井からつるして油皿をのせる器具。
輪廻,りんね,１ 仏語。生ある者が迷妄に満ちた生死を絶え間なく繰り返すこと。三界・六道に生まれ変わり、死に変わりすること。インドにおいて業(ごう)の思想と一体となって発達した考え。流転。転生。輪転。２ 連歌・連句で、一巻(ひとまき)のうちに同意・同想の言葉や意味が繰り返されること。また、付句に打ち越しと似た語句・趣向を用いること。禁制とされる。３ 地学現象が一定の順序で生起し、循環的に繰り返すこと。浸食輪廻など。４ 執着の気持ちの強いこと。愛着。
燐肥,りんぴ,燐酸塩の形で燐を多く含む肥料。過燐酸石灰・燐酸アンモニウム・骨粉・しめかすなど。
鱗被,りんぴ,イネ類の花の一部分。雌しべと雄しべとの間にある鱗片状のもの。花被に相当する。
林分,りんぶん,樹木の種類・樹齢・生育状態などがほぼ一様で、隣接する森林とは明らかに区別がつく、ひとまとまりの森林。
鱗粉,りんぷん,チョウ・ガなどの体や翅を覆う微小な細片。剛毛の変化したもので、水をはじき、光を反射する。
隣保,りんぽ,となり近所の家々や人々。また、となり近所どうしで助け合うこと。
輪宝,りんぼう,転輪聖王(てんりんじょうおう)の所有する七宝の一。金・銀・銅・鉄の4種がある。もとは車輪の形をした古代インドの武器。仏教に取り入れられ、王の行くところ先行して四方を制するとされる。転じて、聖王をいう。
隣邦,りんぽう,となりの国。隣国。
鱗木,りんぼく,ヒカゲノカズラに近縁の化石シダ類。古生代石炭紀に繁栄し、二畳紀に絶滅。高さ約30メートルの巨木で、頂部で分枝し、幹に葉の落ちたあとが鱗(うろこ)状に配列。炭化して良質の石炭となった。レピドデンドロン。うろこぎ。
鱗葉,りんよう,うろこ状に重なる厚い葉。芽を保護する芽鱗(がりん)やタマネギの鱗茎などにみられる。
涙液,るいえき,絶えず涙腺(るいせん)から分泌され、眼球の表面をうるおしている液。なみだ。
類縁,るいえん,１ 親類縁者。一族。２ 互いに近い関係にあること。
類火,るいか,他から燃え移った火事。もらい火。
累計,るいけい,部分ごとの小計を順次に加えて合計を出すこと。また、その合計。
類型,るいけい,１ 共通の性質・特徴をもつものどうしをまとめてくくった一つの型。また、その型に属するもの。２ 類概念の一種。類概念が共通の性質を抽象して成立するのに対し、単なる抽象概念ではなく一群の現象の共通の性質を形象として現している代表的な個体を描き出すことによって得られる。ディルタイとウェーバーによって、人文科学の方法論に高められた。３ 芸術において、表現が型にはまって描かれているような形象や人物。紋切り型。
累月,るいげつ,月を重ねること。幾月も続くこと。連月。
累差,るいさ,測定の際に生じた誤差の累積。
類纂,るいさん,同じ種類のものを集めて書物を作ること。また、その書物。
累次,るいじ,重なり続くこと。たびたびあること。
類似,るいじ,互いに共通点があること。似かようこと。
累日,るいじつ,日を重ねること。いく日も続くこと。積日。連日。
類従,るいじゅう,種類ごとに集めること。また、その集めたもの。
類書,るいしょ,１ 内容などが似ている書物。同種類の書物。類本。２ 多くの書物から類似の事項を集めて分類し、まとめた百科事典形式の書物。特に、漢籍についていう。
類焼,るいしょう,他所で起こった火災が燃え移って焼けること。
累乗,るいじょう,同じ数または文字を何回か掛け合わせること。また、その積。
累進,るいしん,１ 地位などが次々に進み、上位にのぼること。累遷(るいせん)。２ 数量・価格などが増加するにつれて、それに対する比率が次第に増すこと。
類推,るいすい,１ 類似の点をもとにして、他を推しはかること。２ 論理学で、二つの事物の間に本質的な類似点があることを根拠にして、一方の事物がある性質をもつ場合に他方の事物もそれと同じ性質をもつであろうと推理すること。結論は蓋然的。類比推理。類比。比論。アナロジー。３ ある語形または文法形式との関連から、本来の語形または文法形式とは別の新しい語形または文法形式を作ろうとする心理的な作用。この種の働きによって、多くの不規則な語形が規則化されていくことがある。
累世,るいせい,世を重ねること。累代。るいせ。
累積,るいせき,物事が次から次へ重なり積もること。また、重ね積むこと。
累祖,るいそ,累代の先祖。代々の先祖。
累増,るいぞう,次第にふえること。また、次第にふやすこと。
累年,るいねん,年を重ねること。年々。また、何年にもわたること。長年。累歳。
類別,るいべつ,１ 種類ごとに区別すること。分類。２ ある集合を、いくつかの互いに同値なものどうしの集合に分けること。
類本,るいほん,同種類の本。類似の本。類書。
類薬,るいやく,処方や効能が似かよった薬。
累累,るいるい,積み重なっているさま。また、連なり続くさま。
類例,るいれい,似かよった例。同じ種類の例。
流刑,るけい,罪人を辺境または島に送る刑。流罪。りゅうけい。
留守,るす,１ 主人や家人が外出している間、その家を守ること。また、その人。留守番。留守居。２ 外出して家にいないこと。３ 他のことに心を奪われ、その方に気が回らないこと。「お留守」の形でも用いる。
流説,るせつ,１ 世間に言い広められている説。２ 根拠のないうわさ。風説。流言。
流謫,るたく,罪によって遠方へ流されること。遠流。りゅうたく。
流注,るちゅう,結核の病巣に生じた膿(うみ)が、組織の間を流れ下り、離れた場所にたまること。
坩堝,るつぼ,１ 中に物質を入れて加熱し、溶解・焙焼(ばいしょう)・高温処理などを行う耐熱製の容器。金属製・黒鉛製・粘土製などがある。２ 熱狂的な興奮に沸いている状態。３ 種々のものが混じり合っている状態や場所。
流転,るてん,１ 移り変わってやむことがないこと。２ 仏語。六道・四生の迷いの生死を繰り返すこと。生まれ変わり死に変わって迷いの世界をさすらうこと。
流伝,るでん,世に広まり伝わること。広く言い伝えられること。りゅうでん。
流布,るふ,世に広まること。広く世間に行き渡ること。
流浪,るろう,住むところを定めず、さまよい歩くこと。
類苑,るいえん,同じ種類の事柄を集めた書物。
類歌,るいか,発想や表現がよく似ている歌。
誄歌,るいか,１ 死者の生前の徳をたたえ、その死を悼む歌。２ 雅楽で、日本固有の歌の一。大葬などに用いる。
塁間,るいかん,野球で、塁と塁との間。
涙器,るいき,涙腺(るいせん)と涙道との総称。
類規,るいき,同じ種類の法律や規則。
類句,るいく,１ 似かよった語句。また、俳句・川柳などで、表現内容の似かよった句。２ 和歌・俳句の各句、または和歌の上の句あるいは下の句を、いろは順や五十音順に配列したもの。
累減,るいげん,１ しだいに減ること。また、しだいに減らすこと。２ 数学で、ある数から同一の数を順次に減らしていくこと。
類語,るいご,１ 語形は異なっているが、意味の似かよっている二つ以上の語。「家」と「住宅」、「言う」と「話す」などの類。類語。２ 和歌や文章の中の同じ種類の語を、いろは順または五十音順に配列したもの。
涙骨,るいこつ,顔面をつくる骨の一。薄い方形で、眼窩(がんか)内壁前部に一対ある。
累歳,るいさい,年を重ねること。年々。また、何年にもわたること。長年。
累算,るいさん,部分ごとの小計を順次に加えて合計を出すこと。また、その合計。
類誌,るいし,内容などが似ている雑誌。同種類の雑誌。
類字,るいじ,形の似ている文字。「鳥」と「烏(からす)」、「縁」と「緑」など。
累七,るいしち,人の死後49日まで、7日ごとに追善供養すること。また、その法会。
類質,るいしつ,似かよっている性質。
類聚,るいじゅ,同じ種類の事柄を集めること。また、その集めたもの。類集。るいじゅう。
類集,るいしゅう,同じ種類の事柄を集めること。また、その集めたもの。るいじゅう。
塁上,るいじょう,１ とりでの上。２ 野球で、ベースの上のこと。
塁審,るいしん,野球で、一塁・二塁・三塁のそばにいて、打球のフェアとファウル、走者のアウトとセーフの判定などを行う審判員。球審の補佐も行う。ベースアンパイア。
涙腺,るいせん,上まぶたの、眼球の上外方の位置にあって、涙液を分泌する腺。
累層,るいそう,地層を岩相によって区分するときの基本になる単位層。同一の環境またはある環境の一定の繰り返しのもとで堆積した一連の地層で、上下の層とはっきり区別できるもの。層。
累代,るいだい,代を重ねること。代々。累世。
類題,るいだい,１ 類似の問題。同じ種類の問題。２ 和歌・連歌・俳句などを、同じ種類の題や季題によって分類したもの。また、その歌集や句集。
涙点,るいてん,上下まぶたの鼻側の内縁にある涙液の流出口。涙小管に開く。
涙堂,るいどう,目の下のふくらみ。涙袋。
涙道,るいどう,涙液を目から鼻へ導く道。目がしらにある上下の涙点から涙小管を経て涙嚢(るいのう)にたまり、鼻涙管を経て鼻腔へ排出される。
類洞,るいどう,肝臓・脾臓・骨髄などにある特殊な毛細血管。内皮に多数の小孔がある。シヌソイド。洞様毛細血管。
類友,るいとも,気の合った者や似通った者は自然に寄り集まる。類を以(もっ)て集まる。
涙嚢,るいのう,涙道の一部。鼻の付け根あたりにあり、涙小管から流れてきた涙液が集まる袋状の部分。下方は鼻涙管に続く。
累犯,るいはん,何度も罪を犯すこと。刑法上、懲役に処せられた者が、刑の終了または免除の日から5年以内にさらに有期懲役に処すべき罪を犯したとき、刑が加重されるもの。再犯および三犯以上を含めていう。
類比,るいひ,１ 比べ合わせること。比較。２ 論理学で、二つの事物の間に本質的な類似点があることを根拠にして、一方の事物がある性質をもつ場合に他方の事物もそれと同じ性質をもつであろうと推理すること。結論は蓋然的。類比推理。比論。アナロジー。
塁壁,るいへき,とりでの壁。また、とりで。
累夜,るいや,夜を重ねること。幾夜も続くこと。連夜。
累葉,るいよう,１ 世を重ねること。累代。るいせ。２ 子孫。一族。
類葉,るいよう,１ 同じ種類の葉。似たような葉。２ 同じ一族からわかれた者。
類林,るいりん,１ 同類のものを集めたもの。２ 同じ種類の記事・語句などを集めた書物。
累類,るいるい,親類。一族。一家。
流記,るき,寺院の道具・宝物・所領などの資材を記録したもの。
流言,るげん,根も葉もないうわさを言いふらすこと。また、そのうわさ。デマ。流説。るげん。
縷言,るげん,こまごまと詳しく述べること。また、その言葉。縷述。縷説。縷陳。
流竄,るざん,１ 罪によって遠隔の地に追いやること。流罪(るざい)。るざん。２ 遠隔の地を流れさすらうこと。流浪(るろう)。
流通,るずう,１ 教えを伝え広めること。また、教えが広く行き渡ること。２ 物事によく通じていること。また、そのさま。りゅうつう。
流人,るにん,流罪の刑に処せられた人。
屡報,るほう,しばしば報道すること。また、その報道。
留萌,るもい,１ 北海道北西部の支庁。支庁所在地、留萌市。２ 北海道北西部にある市。日本海に面する。留萌支庁所在地。木材・農産物の集散地。水産加工業が盛ん。
礼意,れいい,１ 礼を尽くそうとする気持ち。敬意。２ 礼の精神。
霊園,れいえん,広い土地に公園風につくられた共同墓地。
冷夏,れいか,例年に比べて気温の低い夏。《季 夏》
冷菓,れいか,凍らせたり冷やしたりしてつくった菓子。シャーベット・アイスクリームなど。
零下,れいか,温度がセ氏零度以下であること。氷点下。
例会,れいかい,日を決めて定期的に開く会。定例の会。
例外,れいがい,通例にあてはまらないこと。一般原則の適用を受けないこと。また、そのもの。
冷害,れいがい,夏季の異常低温や日照不足のために、稲などの農作物が実らない被害。
冷感,れいかん,ひんやりとして冷たい感じ。
霊感,れいかん,１ 神仏が示す霊妙な感応。また、神仏が乗り移ったようになる人間の超自然的な感覚。霊的なものを感じとる心の働き。２ 突然ひらめく、すばらしい着想・考え。インスピレーション。
冷眼,れいがん,１ 人をさげすんで見る冷ややかな目つき。２ 冷静な目つき。
例規,れいき,１ 先例となる規則。２ 慣例と規則。
冷気,れいき,ひんやりと冷たく感じる空気。
礼儀,れいぎ,１ 人間関係や社会生活の秩序を維持するために人が守るべき行動様式。特に、敬意を表す作法。２ 謝礼。報謝。
冷却,れいきゃく,１ 温度を下げること。また、温度が下がること。２ 熱した感情・気分などをさますこと。また、さめること。
霊柩,れいきゅう,遺体を納めたひつぎ。
礼金,れいきん,１ 謝礼として支払う金銭。謝礼金。２ 部屋や家を借りるとき、謝礼金という名目で家主に支払う一時金。
麗句,れいく,美しい文句。また、美しく飾った詩的な文句。
冷遇,れいぐう,冷淡な待遇をすること。また、不当に低い待遇。
礼遇,れいぐう,１ 礼を尽くして厚くもてなすこと。２ 旧制で、国家・皇室などから受ける特別の厚い待遇。
例月,れいげつ,いつもの月。また、毎月。
例言,れいげん,１ 例を挙げて説明すること。２ 書物の凡例(はんれい)として述べる言葉。
霊験,れいげん,人の祈請に応じて神仏などが示す霊妙不可思議な力の現れ。利益(りやく)。
励行,れいこう,決めたこと、決められたことをその通りに実行すること。
冷酷,れいこく,思いやりがなくむごいこと。また、そのさま。
霊魂,れいこん,１ 肉体と別に、それだけで一つの実体をもち、肉体から遊離したり、死後も存続することが可能と考えられている非物質的な存在。魂。魂魄(こんぱく)。２ 人間の身体内に宿り、精神的活動の根源・原動力として考えられる存在。
零細,れいさい,１ きわめてわずかな・こと（さま）。 ２ 規模がきわめて小さい・こと（さま）。
冷視,れいし,冷たい目で見ること。ひややかな態度をとること。
麗姿,れいし,うるわしい姿。麗容。
例示,れいじ,１ 例として示すこと。例を示すこと。 ２ 文法で、例として示す言い方。口語では助動詞「（の）ようだ」「（の）ようです」、文語では「（の）ごとし」が用いられる。
零時,れいじ,午前または午後の12時。
礼式,れいしき,１ 礼儀を行う決まった作法。礼儀作法。２ 礼意を表すための贈り物。
例日,れいじつ,１ いつもの日。いつものきまった日。２ 暦注の六曜の赤口(しゃっこう)をいう。
礼謝,れいしゃ,礼を言うこと。謝意を述べること。謝礼。
隷従,れいじゅう,付き従い言うなりになること。隷属。
冷笑,れいしょう,さげすみ笑うこと。あざ笑うこと。
令嬢,れいじょう,１ 他人の娘を敬っていう語。２ 良家の娘。
令状,れいじょう,１ 命令を記した書状。２ 強制処分の命令または許可を記載した、裁判所または裁判官が発する書面。逮捕状・差し押さえ状・召喚状・捜索状・勾引(こういん)状・勾留状などの総称。
礼状,れいじょう,礼を述べた書状。
令色,れいしょく,相手に気に入られようとして顔色をつくろうこと。
冷食,れいしょく,１ 食物を煮炊きしないで食べること。２ 古代中国で、冬至から105日目に、火気を用いないで冷たい食事をしたこと。そのころは風雨が激しいので火災予防のためとも、また、一度火を断って新しい火で春を促すためともいう。３ 「冷凍食品」の略。
麗人,れいじん,１ 容姿の美しい女性。美人。佳人。２ 長野の日本酒。酒名は「麗人のごとき酒を醸したい」という願いを込めて命名。大吟醸酒、純米大吟醸酒、純米吟醸酒、吟醸酒、純米酒、本醸造酒、普通酒がある。平成3、7、8、13～15年度全国新酒鑑評会で金賞受賞。原料米は山田錦、美山錦など。仕込み水は霧ヶ峰の伏流水。蔵元の「麗人酒造」は寛政元年(1789)創業。所在地は諏訪市諏訪。
冷水,れいすい,冷たい水。ひやみず。
冷製,れいせい,作ってから冷たくして供する西洋料理。コールドビーフ・ゼリー寄せなど。
冷静,れいせい,感情に左右されず、落ち着いていること。また、そのさま。
励精,れいせい,精を出して励むこと。また、そのさま。精励。
例説,れいせつ,例をあげて説明すること。また、その説明。
礼節,れいせつ,礼儀と節度。また、礼儀。
冷然,れいぜん,少しも心を動かさずひややかな態度でいるさま。
霊前,れいぜん,１ 死者の霊の前。みたまのまえ。２ （「御霊前」の形で）法要の供物の上書きに用いる語。
礼装,れいそう,礼服を着用すること。また、その服装。
冷蔵,れいぞう,飲食物などの腐敗を防ぐため、セ氏零度に近い低温で貯蔵すること。
例題,れいだい,理解を助けるため、また練習のために、例として示す問題。
令達,れいたつ,命令を伝えること。また、その命令。
冷淡,れいたん,１ 物事に熱心でないこと。関心や興味を示さないこと。また、そのさま。淡白。２ 思いやりがないこと。同情や親切心を示さないこと。また、そのさま。
霊的,れいてき,１ 霊魂・精神にかかわりのあるさま。２ けがれがなく、神聖で清らかなさま。
冷徹,れいてつ,感情に左右されることなく、冷静に物事を見通すこと。また、そのさま。
例典,れいてん,しきたりの法式。典例。
零点,れいてん,１ 得点が全くないこと。２ 寒暖計の零度。氷点。３ 関数f（x）について、f（x）＝0を満たす元(げん)xのこと。根。
礼典,れいてん,１ 礼儀に関するきまり。礼法。２ 礼儀に関するきまりを記した書物。３ 礼法にのっとった儀式。４ キリスト教で、サクラメントのこと。主にプロテスタント教会でいう。典礼。
冷凍,れいとう,食料品などを、腐敗を防ぎ、長期保存するために、人工的に凍結させること。
戻入,れいにゅう,元に戻し入れること。特に、一度支出された歳出が、過払いなどの理由によって元の歳出予算に戻されること。
例年,れいねん,いつもの年。毎年。
冷罵,れいば,あざけりののしること。
霊媒,れいばい,神霊や死者の霊と人間との間の意思伝達の仲介をするとされる人。
霊廟,れいびょう,１ 先祖や偉人などの霊を祭った宮。おたまや。みたまや。２ 卒塔婆(そとば)。
冷風,れいふう,冷たい風。ひんやりとした風。
礼服,れいふく,冠婚葬祭その他、儀式のときに着る衣服。⇔平服。
例文,れいぶん,１ 事柄を説明する典拠として掲げる文章。用例文。２ 書式を示すために例としてあげる文・文章。３ 契約書などに決まり文句として印刷してある文。
霊峰,れいほう,霊妙な山。神仏などが祭ってある山。信仰の対象として、神聖視されている山。霊山。
礼法,れいほう,礼儀作法。礼式。
礼砲,れいほう,軍隊の礼式の一つで、敬意・祝意を表すしるしとして撃つ空砲。
冷房,れいぼう,暑さをしのぐために、室内の温度を外気より低くすること。また、その装置。
霊妙,れいみょう,人知でははかり知れないほどに、奥深くすぐれていること。神秘的な尊さをそなえていること。
令名,れいめい,よい評判。名声。令聞。
黎明,れいめい,１ 夜明け。明け方。２ 新しい事柄が始まろうとすること。また、その時。
麗容,れいよう,うるわしく整った姿・形。麗姿。
零落,れいらく,１ 落ちぶれること。２ 草木の枯れ落ちること。
怜悧,れいり,賢いこと。利口なこと。また、そのさま。利発。
冷涼,れいりょう,ひんやりとして涼しいこと。また、そのさま。
霊力,れいりょく,１ 霊魂の力。精神の力。２ 不可思議な力。
例話,れいわ,実例として示す話。
轢過,れきか,車両が人をひくこと。
轢殺,れきさつ,電車・自動車などの車輪でひき殺すこと。
歴史,れきし,１ 人間社会が経てきた変遷・発展の経過。また、その記録。２ ある事物・物事の現在まで進展・変化してきた過程。３ 「歴史学」の略。
轢死,れきし,電車・自動車などにひかれて死ぬこと。
歴女,れきじょ,俗に、歴史好きの女性のこと。特に、戦国時代の武将などに関心をもち、時代小説や史跡めぐりを好む女性。
歴戦,れきせん,何度もの戦争を経験したこと。
歴然,れきぜん,まぎれもなくはっきりしているさま。
歴代,れきだい,何代も経てきていること。また、それぞれの代。歴世。
轢断,れきだん,列車などが、からだをひいて切断すること。
歴訪,れきほう,いろいろな土地・人を次々に訪ねること。
劣化,れっか,性能・品質などが低下して以前より劣ってくること。
烈火,れっか,１ はげしく燃えている火。２ ひどく怒ることのたとえ。
列挙,れっきょ,並べあげること。一つ一つ数えあげること。
列強,れっきょう,強い力を持つ国々。
劣後,れつご,１ 他のものよりおとりおくれること。２ （配当・償還などの）順序があとになること。
烈日,れつじつ,激しく照りつける夏の太陽。また、その光。
列車,れっしゃ,旅客や貨物を運ぶために線路上を走る連結した車両。
劣弱,れつじゃく,能力・勢力などが劣っていて弱いこと。また、そのさま。
劣勢,れっせい,勢力が劣っていること。形勢が不利であること。また、そのさま。
列席,れっせき,その席につらなること。出席すること。列座。
列伝,れつでん,１ 多くの人々の伝記を書き並べたもの。２ 紀伝体の歴史で、著名な人臣の伝記を書き連ねたもの。
列島,れっとう,細長く列をなすようにつらなっている島々。
劣等,れっとう,等級・程度などが水準より劣っていること。また、そのさま。
烈風,れっぷう,きわめて激しい風。
烈烈,れつれつ,勢いの激しいさま。
恋愛,れんあい,特定の異性に特別の愛情を感じて恋い慕うこと。また、男女が互いにそのような感情をもつこと。
連雨,れんう,連日降りつづく雨。霖雨(りんう)。
廉価,れんか,値段が安いこと。安い値段。また、安いさま。安価。
恋歌,れんか,恋の心を詠んだ歌。こいうた。
連休,れんきゅう,休みの日が続くこと。また、その休日。
連係,れんけい,互いの間につながりのあること。他と密接な関連をもつこと。
連携,れんけい,互いに連絡をとり協力して物事を行うこと。
廉潔,れんけつ,私欲がなく、心や行いが正しいこと。また、そのさま。清廉潔白。
連結,れんけつ,ひと続きになるようにつなぎ合わせること。
連呼,れんこ,１ 同じ言葉を続けて何度も大声で言うこと。２ 一つの単語、特にその語構成要素の中で、つづけて発音されること。
連行,れんこう,本人の意思にかかわらず、連れて行くこと。特に、警察官が犯人・容疑者などを警察署へ連れて行くこと。
連合,れんごう,１ 二つ以上のものが組み合わさって一つのグループになること。２ 感覚面・感情面・思考面におけるさまざまの心的要素が、お互いに結びつくこと。観念連合。３ 「日本労働組合総連合会」の略称。1987年（昭和62）に民間主要単産を中心として発足した全日本民間労働組合連合会（この組織も「連合」と略称）に、89年官公労組が加わって発足した日本最大のナショナル-センター。
連鎖,れんさ,１ 物事が互いにつながっていること。また、そのつながり。２ 同一の染色体上にある二つ以上の遺伝子が一緒に次代に受け継がれる、メンデルの独立の法則に従わない現象。リンケージ。連関。
連座,れんざ,１ 他人の犯罪に関して連帯責任を問われて罰せられること。累座。２ 同じ席に連なって座ること。
連載,れんさい,小説・随筆・記事などを新聞・雑誌などに続き物として続けて掲載すること。
憐察,れんさつ,思いやってあわれむこと。
連日,れんじつ,幾日も続くこと。引き続いて毎日。
連写,れんしゃ,カメラのシャッターを連続して切ること。シャッターボタンを押している間、撮影が続けられる。
連射,れんしゃ,弾丸・矢などを連続して発射すること。
練習,れんしゅう,技能・学問などが上達するように繰り返して習うこと。
練熟,れんじゅく,慣れて巧みになること。熟練。
連署,れんしょ,１ 同一の書面に二人以上の者が署名すること。また、その署名。２ 鎌倉幕府の職名。執権を補佐し、幕府の公文書に執権とともに署判する重職。
連勝,れんしょう,１ 続けて勝つこと。２ 「連勝式」の略。
恋情,れんじょう,異性を恋い慕う気持ち。こいごころ。
憐情,れんじょう,人をあわれむ気持ち。
練成,れんせい,心身・技術などを鍛えて立派なものにすること。
連接,れんせつ,つながり続くこと。また、つらね続けること。
連戦,れんせん,続けて戦うこと。
連想,れんそう,１ ある事柄から、それと関連のある事柄を思い浮かべること。また、その想念。２ 心理学で、ある観念の意味内容・発音・外形の類似などにつれて、他の観念が起きてくること。観念連合。
連続,れんぞく,１ 切れ目なく続くこと。また、続けること。２ 数学で、関数f（x）で定義域内の点aにxが近づくときの極限値が存在し、f（a）に等しいとき、f（x）はx＝aで連続であるという。
連打,れんだ,１ 続けて打つこと。２ 野球で、各打者が続けて安打を打つこと。
連帯,れんたい,１ 二つ以上のものが結びついていること。２ 二人以上の者が共同である行為または結果に対して責任を負うこと。
練達,れんたつ,熟練して深く通じていること。また、そのさま。熟達。
恋着,れんちゃく,深く恋い慕うこと。また、物事に深く執着すること。
連中,れんちゅう,仲間である者たち。また、同じようなことをする者たちをひとまとめにしていう語。
廉直,れんちょく,１ 心が清らかで私欲がなく、正直なこと。また、そのさま。２ 安価なこと。また、安易なこと。また、そのさま。
連動,れんどう,一部分を動かすと、それとひと続きの装置が、いっしょに作動すること。
連覇,れんぱ,競技などで、続けて優勝すること。
連破,れんぱ,続けて相手を負かすこと。
廉売,れんばい,商品を安い値段で売ること。安売り。
連敗,れんぱい,続けて負けること。
連泊,れんぱく,同じ宿に2晩以上続けて泊まること。
連発,れんぱつ,１ 事件などが続けざまに発生すること。２ 続けざまに発射すること。３ 同じような内容の言葉を続けざまに言うこと。
連番,れんばん,宝くじや座席券などで、複数のチケットの番号が連続していること。また、その番号。
憐憫,れんびん,かわいそうに思うこと。あわれむこと。あわれみ。れんみん。
恋慕,れんぼ,特定の異性を恋い慕うこと。
連峰,れんぽう,連なり続いている峰々。連山。
練磨,れんま,技芸・学問などを鍛えみがくこと。
連名,れんめい,二人以上の人が姓名を並べて書くこと。れんみょう。
連盟,れんめい,共同の目的のために行動をともにする誓いを結ぶこと。また、その組織。
連綿,れんめん,長く続いて絶えないさま。
連夜,れんや,いく夜も続くこと。引き続いて毎夜。
連用,れんよう,１ 同じものを続けて使うこと。２ 用言に続くこと。３ 「連用形」の略。
連絡,れんらく,１ 関連があること。２ 気持ちや考えなどを知らせること。情報などを互いに知らせること。また、その通知。３ 二つの地点が互いに通じていること。また、異なる交通機関が一地点で接続していること。
連立,れんりつ,二つ以上のものが並び立つこと。
連連,れんれん,１ 続いていて絶えることのないさま。２ しだいしだいに。
冷暗,れいあん,冷たくて暗いこと。
霊威,れいい,霊妙な威光。不思議な威力。
冷雨,れいう,冷たい雨。
霊雨,れいう,人々の望むときに降る恵みの雨。慈雨。
霊雲,れいうん,尊く不思議な雲。めでたいしるしの雲。瑞雲。祥雲。
霊液,れいえき,不思議な力をもった液。
冷温,れいおん,１ 冷たいことと温かいこと。冷暖。２ 低い温度。低温。
隷下,れいか,従属している人。手下。配下。
例解,れいかい,例を挙げて説明・解釈すること。
冷灰,れいかい,火の気がなくなり、冷たくなった灰。
霊界,れいかい,１ 霊魂の世界。死後の世界。２ 精神の世界。「肉界」に対していう。
冷覚,れいかく,皮膚感覚の一。体温より低い温度に対して生じる感覚。皮膚に分布する冷点が刺激されたときに起こる。
冷汗,れいかん,ひどく恥ずかしかったり、恐ろしかったりしたときなどに出る汗。
励起,れいき,量子力学で、原子や分子が外からエネルギーを与えられ、もとのエネルギーの低い安定した状態からエネルギーの高い状態へと移ること。
鈴鏡,れいきょう,周縁に4個から10個の小鈴をつけた銅鏡。5～6世紀の日本独自のもので、巫女(みこ)の埴輪(はにわ)に、これを腰につけたものがある。
霊境,れいきょう,神仏などの霊験のあらたかな土地。
霊香,れいきょう,不思議なよいかおり。れいきょう。
玲琴,れいきん,胡弓(こきゅう)の一種。大正11年（1922）ごろ、田辺尚雄が考案。木製台形の胴に棹(さお)をつけ、3本の金属弦を張り、チェロの弓でこすって奏する。大胡弓。
霊供,れいく,霊前に供える供物。
令兄,れいけい,他人を敬って、その兄をいう語。
令閨,れいけい,他人を敬って、その妻をいう語。令室。令夫人。
冷血,れいけつ,１ 冷たい血。２ 体温調節機能がなく外気温の影響で、通常、人間よりも体温が低いこと。３ 人間らしい温情に欠けていること。また、そのさま。冷酷。
令月,れいげつ,１ 何事をするにもよい月。めでたい月。２ 陰暦2月の異称。
霊剣,れいけん,不思議な威力をもった剣。
冷厳,れいげん,１ 冷静でおごそかなさま。２ ひややかできびしく、人間の感情がはいる余地のないさま。
冷語,れいご,冷淡な言葉。また、あざける言葉。
冷光,れいこう,ルミネセンスによって生じる、熱を伴わない光。
霊光,れいこう,霊妙な光。神秘的な光。
例刻,れいこく,１ いつものきまった時刻。２ 金銭や性のことなど、はっきり口に出して言いにくい物事をさしていう語。あのこと。例のもの。
例祭,れいさい,毎年きまった月日に行われる祭り。
冷菜,れいさい,中国料理で、前菜として出る冷たい料理。
霊祭,れいさい,１ 死者の魂を祭るまつり。たままつり。２ 神道で、霊前祭と墓前祭との総称。
霊刹,れいさつ,霊験のあらたかな仏を祭った寺。霊寺。
令史,れいし,律令制で、司・監・署の第四等官である主典(さかん)。
令姉,れいし,他人を敬って、その姉をいう語。
霊芝,れいし,マンネンタケの別名。
霊祠,れいし,霊験のあらたかなほこら。神祠。
茘枝,れいし,１ ムクロジ科の常緑小高木。葉は羽状複葉。枝先に、花びらのない黄色の小花を円錐状につける。果実は直径3センチほどの卵球形で、うろこ状の赤い皮に覆われる。果肉は白いゼリー状で芳香があり、生食する。中国南部の原産。ライチー。２ ツルレイシの別名。３ レイシガイの別名。
例時,れいじ,１ いつものきまりの時間。例刻。２ 寺院で、いつもきまった時刻に行う勤行(ごんぎょう)。
隷字,れいじ,隷書体の文字。
令室,れいしつ,他人を敬って、その妻をいう語。令閨(れいけい)。令夫人。
麗質,れいしつ,髪の毛、皮膚、顔だちなどの美しい生まれつき。
霊社,れいしゃ,１ 霊験のあらたかな神社。２ 先祖の霊を祭る社。霊廟(れいびょう)。３ 神道の卜部(うらべ)家で、生前に授ける諡(おくりな)の下に添える語。
霊車,れいしゃ,霊柩車(れいきゅうしゃ)。
礼者,れいしゃ,年賀に歩く人。
冷酒,れいしゅ,１ 燗(かん)をしない酒。ひやざけ。ひや。２ 燗をしないで飲むようにつくった酒。冷用酒。
霊獣,れいじゅう,霊妙なけだもの。めでたいしるしとされるけもの。麒麟(きりん)など。
鈴杵,れいしょ,密教の法具の、金剛鈴(こんごうれい)と金剛杵(こんごうしょ)との併称。また、柄を金剛杵の形にした鈴。
隷書,れいしょ,漢字の書体の一。秦の程邈(ていばく)が小篆(しょうてん)を簡略化して作ったものといわれる。漢代に装飾的になり、後世、これを八分(はっぷん)または漢隷、それ以前のものを古隷といって区別した。現在は一般に八分をさす。
例証,れいしょう,例をあげて証明すること。また、証拠となる例。
冷床,れいしょう,ビニールなどでおおい、太陽熱を利用して保温するだけで、人工的には熱を加えない苗床。
霊場,れいじょう,神仏などの霊験のあらたかな土地。
冷色,れいしょく,寒い感じを与える色。青や、その系統の色。
令辰,れいしん,めでたい日。物事を行うのによい日。吉辰。良辰。
励振,れいしん,振動を起こさせたり、振動を大きくしたりすること。増幅用真空管の電極に入力電圧を加えて電気信号の振幅を増幅させるなど。
伶人,れいじん,１ 音楽を奏する人。特に、雅楽を奏する人。楽人(がくにん)。２ 明治3年（1870）太政官に設けられた雅楽局の楽人の呼称。
霊神,れいじん,霊験あらたかな神。
霊水,れいすい,不思議な効能のある水。霊験あらたかな水。
令婿,れいせい,他人を敬って、そのむこをいう語。
冷泉,れいぜい,平安京の小路の一。二条大路の北側を東西に通じていた。
冷戦,れいせん,武力は用いないが、激しく対立・抗争する国際的な緊張状態。第二次大戦後の米・ソ二大陣営の厳しい対立を表した語。人間関係などに用いる場合もある。冷たい戦争。
零戦,れいせん,零式艦上戦闘機(れいしきかんじょうせんとうき)の通称。
霊泉,れいせん,霊験あらたかな泉。また、不思議な効能がある温泉。霊湯。
礼銭,れいせん,１ 謝礼として渡す金銭。２ 室町時代、特定の祝儀の際、幕府に献上した金銭。
霊草,れいそう,尊く不思議なはたらきのある草。また、めでたい草。瑞草(ずいそう)。
令息,れいそく,他人を敬って、その子息をいう語。
隷属,れいぞく,１ 他の支配を受けて、その言いなりになること。隷従。２ てした。配下。部下。
令孫,れいそん,他人を敬って、その孫をいう語。
冷態,れいたい,内燃機関や外燃機関などが周囲の気温と同じ温度あるいは所定の温度以下に冷却されている状態。原子炉において原子炉冷却材の温度がセ氏100度未満の状態。
霊台,れいだい,１ 天文台。２ 魂のある所。精神。霊府。
麗沢,れいたく,二つの沢が水脈を通じてうるおし合うこと。友人どうし助け合って勉学に努めること。
冷暖,れいだん,冷たいことと暖かいこと。
霊長,れいちょう,霊妙な力を備えていて、他の中で最もすぐれているもの。
霊鳥,れいちょう,尊く不思議な力をもつ鳥。めでたいしるしとされる鳥。鳳凰(ほうおう)など。
令弟,れいてい,他人を敬って、その弟をいう語。
冷点,れいてん,皮膚上の冷たいと感じる点。顔面の分布密度が高い。寒点。
霊殿,れいでん,先祖などの霊を祭った建物。霊廟(れいびょう)。
零度,れいど,１ 度数を計る起点となる点。度数のゼロ。２ セ氏寒暖計で、溶けつつある純粋の水と氷とが共存するときの温度の称。
霊湯,れいとう,不思議な効能がある温泉。霊泉。
令堂,れいどう,１ 他人を敬って、その家をいう語。２ 他人を敬って、その母をいう語。
霊堂,れいどう,１ 霊験のあらたかな神仏を祭った堂。２ 貴人の霊を祭る堂。
霊徳,れいとく,霊妙な徳。非常に尊い徳。
冷肉,れいにく,焼いたあとで冷やして食べる肉。コールドミート。
霊肉,れいにく,霊魂と肉体。
冷熱,れいねつ,冷たいことと熱いこと。感情などがさめることと熱くなること。
隷農,れいのう,封建時代に、農奴的束縛から解放され、賦役を徴収されず、生産物地代または貨幣地代を課せられた農民。
零敗,れいはい,１ 試合で、1点もとれずに負けること。スコンク。ゼロ敗。２ 試合で、負けたことがないこと。無敗。
礼拝,れいはい,１ 神仏などを拝むこと。２ キリスト教で、神の賛美と祈祷(きとう)。教会での礼拝はこれとともに聖餐(せいさん)・説教が中心となる。
冷媒,れいばい,冷凍機・冷房機内を循環して、圧縮による液化・放熱、気化・吸熱を繰り返し、冷却する媒体として用いられる物質。アンモニア・フロンなど。冷却剤。
麗筆,れいひつ,美しい筆跡。また、美しい文章。
冷評,れいひょう,冷淡な態度で批評すること。また、その批評。
澪標,れいひょう,１ 澪にくいを並べて立て、船が往来するときの目印にするもの。和歌では「身を尽くし」にかけて用いることが多い。みおぎ。みおぐい。みおじるし。２ 香の一。香味は少し辛く苦い。
霊猫,れいびょう,１ ジャコウネコの別名。２ 霊妙で不思議な猫。
霊府,れいふ,肉体の中で、魂の宿る所。霊台。
零封,れいふう,野球などで、相手を零点に抑えること。シャットアウト。完封。
霊仏,れいぶつ,霊験あらたかな仏。
礼物,れいぶつ,１ 典礼と文物。２ 祭祀の儀式に用いる品物。３ 謝礼として贈る金品。
令母,れいぼ,他人を敬って、その母をいう語。
霊宝,れいほう,霊妙な宝。社寺などの秘宝。
令望,れいぼう,１ よい評判。名声。２ 他人を敬って、その人望をいう語。
隷僕,れいぼく,１ 中国、周代の官名。宮中の清掃をつかさどった。２ 召使いの男。下男。しもべ。
零墨,れいぼく,書いたもののきれはし。断片として残っている墨跡。
零本,れいほん,ひとそろいの本の、大半が欠けているもの。端本(はほん)。
令妹,れいまい,他人を敬って、その妹をいう語。
冷麺,れいめん,１ 朝鮮半島の麺料理。そば粉とでんぷんを練った腰の強い麺をゆでて冷やし、冷たいスープを加え、肉・野菜・キムチなどをのせたもの。２ 冷やし中華のこと。
霊薬,れいやく,不思議な効き目がある薬。神薬。
零余,れいよ,わずかなあまり。はした。
羚羊,れいよう,偶蹄(ぐうてい)目ウシ科の哺乳類のうち、ウシ亜科・ヤギ亜科を除いたものの総称。一般に、乾燥した草原にすみ、脚は細長くて走るのが速い。角の形状はさまざまで、雄だけ、または雌雄ともにある。アフリカからインド・モンゴルにかけて分布。インパラ・エランド・ヌー・オリックス・ガゼルなど。日本ではカモシカと混称されてきた。アンテロープ。
冷冷,れいれい,１ ひえびえとしているさま。清らかで冷たいさま。２ 心・態度のひややかなさま。３ 清らかな音の響き渡るさま。
霊腕,れいわん,不思議なほどにすぐれた腕前。
暦運,れきうん,暦を作る基準となる太陽・月・星の運行。
暦家,れきか,暦法に通じ、こよみの編纂(へんさん)に携わる人。また、そうした家柄。
歴階,れきかい,階段の一段ごとに片足ずつかけて上ること。また、急いで上ること。
礫塊,れきかい,１ 小石と土くれ。２ 値打ちのないもの。がらくた。
暦学,れきがく,天体の運行の観測や暦を作ることに関する学問。
礫岩,れきがん,堆積(たいせき)岩の一。礫が粘土・砂などによりくっつき、固結した岩石。
歴歳,れきさい,１ 年月を経ること。２ 年々。毎年。連年。
歴日,れきじつ,日数を経ること。
暦術,れきじゅつ,太陽・月・星の運行を測定して暦を作る方法。
歴巡,れきじゅん,順々にまわって歩くこと。
暦書,れきしょ,暦学に関する本。また、こよみ。
暦象,れきしょう,１ 暦によって天体の運行を推測すること。２ 天体。
暦数,れきすう,１ 太陽や月の運行を測って暦を作る技術。また、こよみ。２ 自然にめぐってくる運命。めぐりあわせ。命数。３ 年代の数。年数。
瀝青,れきせい,天然のアスファルト・タール・ピッチなど、黒色の粘着性のある物質の総称。また、石炭を加圧下でベンゼンを用いて抽出したときの抽出物。チャン。ビチューメン。ビチューム。
礫石,れきせき,小石。つぶて。
暦注,れきちゅう,暦本に記載される諸種の注記。天象・七曜・干支・朔望・潮汐・二十四節気・雑節・二十八宿・九星・六曜をはじめ、中段の十二直、下段の吉凶の選日など。
歴朝,れきちょう,代々の朝廷。また、代々の天子。
歴伝,れきでん,代々に伝えること。また、代々伝わること。
礫土,れきど,小石まじりの土。
暦道,れきどう,１ 暦術・暦数に関する学問。また、その専門家。２ 陰陽寮(おんようりょう)の学科の一。暦法と漏刻の学を教授した。
歴任,れきにん,次々に各種の官職に任命されて勤めてきたこと。
暦年,れきねん,１ 暦の上での1年。太陽暦では、平年365日、閏年366日。２ 年月。歳月。
歴年,れきねん,１ 年月を経ること。２ 年々。毎年。連年。
歴博,れきはく,千葉県佐倉市にある、歴史・考古学・民俗学分野に関する博物館。大学共同利用機関の一つとして設置され、研究と資料の収集、保管・展示を行う。昭和58年（1983）開館。
歴遊,れきゆう,方々をめぐりあるくこと。遊歴。
歴葉,れきよう,歴代。歴世。
列位,れつい,並ぶ位置。並ぶ順序。位列。
劣位,れつい,他より劣っている位置・地位。
列火,れっか,漢字の脚(あし)の一。「烈」「焦」などの「灬」の称。「火偏(ひへん)」とともに「火」の部に属する。連火(れんが)。
裂果,れっか,熟すと乾燥して、果皮の一部が裂けて開き、中の種子を放出する果実。裂開の型により袋果・豆果・蒴果(さくか)・蓋果(がいか)などがある。
裂芽,れつが,地衣類の無性生殖器官。地衣体の表面にできる小突起で、分離すると発生を始め、新しい地衣体となる。
裂開,れっかい,１ さけてひらくこと。また、さいてひらくこと。２ 鉱物が外力を受けたときに、劈開(へきかい)面以外で、ある結晶面に平行に割れること。
劣角,れっかく,頂点と2辺を共有する角のうち、小さいほうの角。180度より小さい。
列記,れっき,並べて書きしるすこと。
礫器,れっき,打製石器の一種。表面がなめらかな川原石の周囲あるいは一部を打ち欠いて刃としたもの。
劣弧,れっこ,円周上の二点によって円周を分けたときの、半円より小さいほうの弧。
列侯,れっこう,多くの大名。諸侯。
裂肛,れっこう,肛門(こうもん)の粘膜が、硬い便の排出時などに切れる病気。排便時に激痛があり、ただれ・出血などもみられる。肛門裂創。裂け痔。
列国,れっこく,多くの国々。諸国。
列座,れつざ,座につらなること。その場所に並びすわること。列席。
列氏,れっし,1気圧のもとで、水の氷点を零度、水の沸点を80度とする温度目盛り。1730年にレオミュールが考案。
烈士,れっし,信念を貫きとおす男子。
列次,れつじ,順序。順番。次第。
列宿,れっしゅく,天空に連なる星座。
裂傷,れっしょう,皮膚などが裂けてできる傷。
烈震,れっしん,地震の強さの旧階級。家屋の倒壊が30パーセント以下で、山崩れ・がけ崩れが起こり、地割れを生じるものとされ、震度6にあたった。
列世,れっせい,代々。歴代。歴世。
列聖,れっせい,１ 歴代の天子。２ カトリック教会で、死後、福者に列せられた信徒が、さらに教皇の宣言により聖人として公式に認められること。
劣性,れっせい,対立形質において、雑種第一代では発現を抑えられるほうの形質。潜在して子孫に現れる。潜性。
列祖,れっそ,代々の祖先。歴代の祖先。
裂創,れっそう,皮膚などが裂けてできる傷。
列代,れつだい,代々。歴代。列世。
列柱,れっちゅう,何本も立ち並んだ柱。
裂帛,れっぱく,１ 帛(きぬ)を引き裂く音。また、そのように鋭い声。２ ホトトギスの鳴き声。
列藩,れっぱん,並び立っている多くの藩。諸藩。
烈夫,れっぷ,信念を貫きとおす男子。
烈婦,れっぷ,節操をかたく守る女子。また、信念を貫きとおす激しい気性の女子。
連印,れんいん,1枚の文書に二人以上の者が名前を記して印を押すこと。連判。
漣音,れんおん,装飾音の一。主要音から下2度の音を経てすぐ主要音へ戻るもの。
連音,れんおん,１ 単音の連結からなる音。２ 舌の先を上歯の裏の歯槽(しそう)に当てて舌の先を震わせて発する音。［r］の類。
連枷,れんか,豆類や、粟・稲・麦などの脱穀に用いる農具。竿の先に枢(くるる)を設けて打棒を取り付けたもの。打棒を回転させながら振り下ろして穀類を打つ。まいぎね。くるりぼう。むぎうち。れんか。
煉瓦,れんが,粘土に砂・石灰などを混ぜて練り、長方体などに成型し、乾燥して窯(かま)で焼いたもの。ふつうは酸化鉄を含む粘土を用いた赤煉瓦をいう。建築・道路舗装・炉などの材料。
連歌,れんが,短歌の上の句（五・七・五）と下の句（七・七）との唱和、あるいは上の句と下の句とを一人または数人から十数人で交互に詠み連ねる詩歌の形態の一。万葉集巻8にみえる尼と大伴家持との唱和の歌に始まるとされ、平安時代にはこの短歌合作の形の短連歌が盛行したが、院政期ごろから長・短句を交互に連ねる長連歌（鎖連歌）が発達、鎌倉時代以後は百韻を定型とするようになり、ほかに歌仙・五十韻・世吉(よよし)などの形式も行われた。さらに各種の式目(しきもく)も制定され、室町時代に最盛期を迎えたが、江戸時代に入って衰えた。室町末期には俳諧の連歌が興り、江戸時代の俳諧のもとをなした。つづけうた。つらねうた。
連火,れんが,漢字の脚(あし)の一。「烈」「焦」などの「灬」の称。「火偏(ひへん)」とともに「火」の部に属する。
蓮角,れんかく,チドリ目レンカク科の鳥。体形はクイナに似るが、繁殖期に尾が著しく長く伸び、全長約50センチになる。顔からのどと翼が白色、首の後ろが橙黄色のほかは黒色。指と爪が特に長く、スイレンの葉の上を歩いて餌を探す。南アジアに分布。
連環,れんかん,輪をつらねること。輪をつらねたようにつなぎ合わせること。また、そのもの。くさり。
連桿,れんかん,蒸気機関や内燃機関で、ピストンとクランクとを連結して、動力を伝える棒。コネクティングロッド。連桿(れんかん)。
連記,れんき,二つ以上のものを並べて書き記すこと。
連木,れんぎ,西日本で、すりこぎをいう語。
連翹,れんぎょう,モクセイ科の落葉小低木。枝は叢生(そうせい)し、長く伸びて垂れる。葉は卵形。早春、葉の出る前に、黄色い花を多数開き、花びらは四つに深く裂けている。果実は楕円形で、漢方で抗炎症・解毒・利尿薬として用いる。中国の原産。庭木にする。いたちぐさ。
連銀,れんぎん,アメリカ独特の中央銀行制度である連邦準備理事会 FRBと，連邦公開市場委員会の政策決定を実行する機関。全国を 12に区分した各準備区ごとの中心地に連邦準備銀行が設置され，その下部には約 5700の加盟銀行が属している。
連子,れんこ,キダイの別名。
連語,れんご,１ 二つ以上の単語が連結して、一つの単語と似たような働きをもつもの。二つ以上の単語が結合して一つの単語と同じ働きをもつようになった複合語とは区別される。２ 論理学で、命題の主辞と賓辞とをつなぎ、両者の関係を言い表す言語的表現。「鯨は哺乳類である」の「である」の類。連辞。
連衡,れんこう,［名］(スル)《「衡」は横で、東西の意》中国、戦国時代に秦の張儀が、蘇秦の合従(がっしょう)策に対抗して唱えた外交政策。韓・魏・趙(ちょう)・燕(えん)・斉(せい)・楚の6国を、それぞれ個別に秦と同盟させようとしたもの。連衡策。転じて、連合すること。同盟を結ぶこと。
煉獄,れんごく,カトリックの教理で、小罪を犯した死者の霊魂が天国に入る前に火によって罪の浄化を受けるとされる場所、およびその状態。天国と地獄の間にあるという。ダンテが「神曲」中で描写。
漣痕,れんこん,水や空気の流れによって堆積物の表面につくられる規則的な波状模様。砂浜、砂丘、海底などに形成される。リップルマーク。砂紋。
蓮根,れんこん,１ ハスの地下茎。食用とする。はい。はす。はすね。２ 警察・暴力団などの隠語で、拳銃のこと。回転式拳銃の弾倉の形が1と似ることからいう。弾き。ちゃか。
蓮座,れんざ,１ 密教で、結跏趺坐(けっかふざ)のこと。２ 仏像を安置する台座。蓮華台。蓮台。蓮座。
連作,れんさく,１ 同じ耕地に同じ種類の作物を毎年続けて作付けすること。ナス・トマトなどでは生育が悪くなる。２ 文芸・美術などで、同じテーマやモチーフに基づいて一連の作品を作ること。また、短歌・俳句などで、一人の作者が同じ題材でいくつかの作品を作り、全体として一つの味わいを出そうとするもの。また、その作品。３ 数人の作家が一部分ずつを分担し、全体として一つにまとまった小説を作ること。また、その作品。
連山,れんざん,１ 並び連なっている山々。連峰。２ 中国の夏(か)の時代に行われた易。
恋矢,れんし,カタツムリ・ナメクジなどの有肺類の一部が生殖器にもつ、炭酸カルシウムを含む槍状の器官。交尾の際に相手を刺激するために使われ、交尾が終わると捨てられる。種ごとに形状が異なり、種分類の際の指標にもなる。
蓮子,れんし,ハスの実。数珠玉(じゅずだま)などに用いる。
連枝,れんし,１ 連なっている枝。２ 貴人の兄弟姉妹。
錬士,れんし,全日本剣道連盟が授与する称号の一。教士の下位。六段以上の者を対象に、審査会の議決を得て授与される。
連字,れんじ,活版印刷で、植字の便宜上、頻繁に使われる一つづりを一つの活字面として鋳造した活字。例えば、「東京」「である」「ing」など。合字。連結活字。
連辞,れんじ,論理学で、命題の主辞と賓辞とをつなぎ、両者の関係を言い表す言語的表現。「鯨は哺乳類である」の「である」の類。連語。
連雀,れんじゃく,スズメ目レンジャク科の鳥の総称。日本ではキレンジャク・ヒレンジャクが越冬し、群れで木の実を食べ、混群をなすこともある。
連着,れんじゃく,総(ふさ)を間隔を置かずに連ねつけた鞦。れんじゃくしりがい。
連取,れんしゅ,スポーツ競技で、得点やセットなどを連続して取ること。
連衆,れんじゅ,１ 他の支配を受けて、その言いなりになること。隷従。２ てした。配下。部下。
蓮宗,れんしゅう,浄土門、浄土宗のこと。蓮宗。
連城,れんじょう,多くの城をつらねること。また、つらなる城。
連声,れんじょう,二つの語が連接するときに生じる音変化の一。前の音節の末尾の子音が、あとの音節の頭母音（または半母音＋母音）と合して別の音節を形成すること。「三位（さんい）」を「さんみ」、「因縁（いんえん）」を「いんねん」、「今日（こんにち）は」を「こんにった」という類。
連星,れんせい,二つ以上の恒星が互いに引力を及ぼし合い、共通の重心の周囲を公転運動しているもの。最も明るい星を主星、暗い星を伴星とよぶ。見え方によって、実視連星・分光連星・食連星（食変光星）などに分類。
連銭,れんぜん,銭(ぜに)を並べた形の文様や紋所。
連体,れんたい,１ 体言に続くこと。２ 国文法で活用形の一。活用する語の語形変化のうち、体言に連なるときの形。一般に連体修飾語として用いられるが、文語では、そのほかに、係助詞「ぞ・なむ・や・か」を受けて文を終止したり、助詞「か・ぞ」などを伴ったりする。六活用形の第四に置かれる。
簾台,れんだい,１ 前方に御簾(みす)を垂らした一段高い座敷。２ 貴人の他行のとき、または婚礼の際に床飾りに用いた衝立(ついたて)。
蓮池,れんち,ハスを植えてある池。
連荘,レンチャン,マージャンで、親が上がるなどして、同じ親が続くこと。また転じて、同じ物事が続くこと。
簾中,れんちゅう,１ すだれで仕切られた内側。簾内。２ 常に1にいるような高貴な女性。貴婦人。また、公卿・大名などの正妻を敬っていう語。
連投,れんとう,野球で、一人の投手が2試合以上に続けて登板すること。
連年,れんねん,何年も続くこと。引き続いて毎年。
連俳,れんぱい,１ 連歌と俳諧。２ 俳諧の連句。
連判,れんぱん,1通の文書に複数の人が並べて自署し、判を押すこと。連印。
練武,れんぶ,武術のわざを鍛えること。
臉譜,れんぷ,京劇など中国古典劇の化粧法で、俳優の顔に施す隈取(くまど)り。仮面から脱化して、清朝末期に現在の様式が完成。異なった彩色により、その人物の性格を示す。けんぷ。
連複,れんぷく,競馬・競輪などで、1、2着を着順にかかわりなく当てるもの。連複。
練兵,れんぺい,平時に、兵士に対して戦闘に必要な訓練をすること。
蓮門,れんもん,浄土門、浄土宗のこと。蓮宗。
連理,れんり,１ 1本の木の枝が他の木の枝と連なって木目が通じ合っていること。２ 夫婦・男女の間の深い契りをたとえていう語。
連類,れんるい,仲間。同類。
露悪,ろあく,欠点や悪いところをわざとさらけ出すこと。
蝋色,ろいろ,蝋色塗り。また、その色。ろういろ。
聾唖,ろうあ,耳の聞こえないことと、言葉を話せないこと。
老医,ろうい,老年の医師。また、老練な医者。
漏洩,ろうえい,１ 水・光などが、もれること。また、もらすこと。２ 秘密などが、もれること。また、もらすこと。
朗詠,ろうえい,１ 詩歌などを、節をつけて声高くうたうこと。吟詠。２ 平安中期から流行した歌謡で、漢詩文の一節を朗吟するもの。中世以降、雅楽化された。詞章となる詩歌を収めたものに「和漢朗詠集」などがある。
労役,ろうえき,身体を動かして課せられた役務をすること。
漏屋,ろうおく,雨がもるようなぼろ家。
陋屋,ろうおく,１ 狭くてむさくるしい家。粗末な家。２ 自分の家をへりくだっていう語。
廊下,ろうか,１ 家の中の部屋をつなぐ細長い通路。また、家屋と家屋を結ぶ屋根のある通路。２ 登山用語。両側に高い垂直の岸壁が迫った、渓谷沿いの山道。
弄火,ろうか,火をもてあそぶこと。火遊び。
弄花,ろうか,１ 花をもてあそぶこと。２ 花札でかけ事などをすること。
浪華,ろうか,波が砕け散って花のように見えるもの。浪の花。
老化,ろうか,１ 年をとること。年をとって体の機能が低下すること。２ 生物あるいは物質の機能や性質が、時間の経過に伴って衰える現象。生物体の老年性変化、ゴム・プラスチックなどの経年劣化など。加齢。劣化。エイジング。３ 糊化こかされたアルファデンプンが、放置されることによって再びベータデンプンの状態に近づくこと。ベータ化。
浪界,ろうかい,浪花節(なにわぶし)を語るのを職業とする人たちの社会。浪曲界。
老獪,ろうかい,いろいろ経験を積んでいて、悪賢いこと。また、そのさま。
労咳,ろうがい,漢方で、肺結核。癆。
老害,ろうがい,企業や政党などで、中心人物が高齢化しても実権を握りつづけ、若返りが行われていない状態。
楼閣,ろうかく,高層のりっぱな建物。楼台。
浪客,ろうかく,定まった住所・職業を持たない者。
蝋紙,ろうがみ,蝋などをしみこませた紙。防湿・防銹(ぼうしゅう)・装飾用。ろうし。
楼観,ろうかん,物見のたかどの。物見。
老漢,ろうかん,年をとった男。また、男子が自己をへりくだっていう。
老眼,ろうがん,１ 年齢とともに目の水晶体の調節力が低下し、近くの物が見えにくくなること。また、その目。老視。２ 老人の目。
老顔,ろうがん,年老いて生気の衰えた顔。
牢記,ろうき,しっかり心にとどめて忘れないこと。
老菊,ろうぎく,盛りを過ぎ、色あせた菊の花。
老脚,ろうきゃく,老人の足。年寄りの歩み。
老朽,ろうきゅう,１ 古くなって役に立たないこと。また、そのもの。２ 年老いて役に立たないこと。また、そのさま。
老境,ろうきょう,老人の境遇・境地。また、老年。
労銀,ろうぎん,労働の賃銀。労賃。
労苦,ろうく,心身が疲れ苦しい思いをすること。苦労すること。
老躯,ろうく,年老いて衰えたからだ。老体。
老君,ろうくん,１ 家督を譲って隠居した主人や主君を使用人や家臣がよぶ称。２ 老人を敬っていう語。
老兄,ろうけい,１ 年をとった兄。２ 手紙などで、年上の友人を敬っていう語。
漏鼓,ろうこ,時刻を知らせる太鼓。また、その音。
漏壺,ろうこ,水時計の主要部をなす容器状の器具。下部に穴があり、漏れていく水量で時刻を計る。
牢固,ろうこ,がっしりしていて崩れないさま。
狼虎,ろうこ,オオカミとトラ。残忍なもの、欲深いもののたとえ。
老後,ろうご,年をとってからのち。
老公,ろうこう,年老いた貴人を敬っていう語。
老功,ろうこう,老人の年功。また、経験を積んで物事に熟達していること。また、そのさま。
老巧,ろうこう,経験を積んで物事をするのに巧みで抜け目のないこと。また、そのさま。
陋巷,ろうこう,狭くむさくるしい町。
牢獄,ろうごく,罪人を入れておく所。牢屋。
老骨,ろうこつ,年老いたからだ。老体。老躯(ろうく)。また、老人がみずからをへりくだっていう語。
労災,ろうさい,１ 労働者が業務に起因して被る災害。２ 「労働者災害補償保険」の略。
老残,ろうざん,老いぼれて生きながらえていること。
労使,ろうし,労働者と使用者。
労資,ろうし,労働者と資本家。
浪士,ろうし,主家を離れ、禄(ろく)を失った武士。また、仕える主君を失った武士。浪人。
浪死,ろうし,むだに死ぬこと。犬死に。徒死。
老師,ろうし,１ 年をとった師匠・先生。２ 年老いた僧。また、学徳のある僧を敬っていう語。禅宗では師家を敬っていう語。
漏示,ろうじ,秘密を漏らすこと。
聾児,ろうじ,聴力に障害のある子供。
老疾,ろうしつ,１ 年老いて病気になること。２ 年老いたことと病気にかかること。
聾者,ろうしゃ,１ 耳の聞こえない人。２ 言語獲得以前より重度の聴覚障害があり、音声言語の自然な獲得が困難であった者。特に、手話を母語とする者をさす。
老弱,ろうじゃく,１ 年老いていることと若いこと。老人と子供。２ 年老いてからだが弱っていること。また、そのさま。
老寿,ろうじゅ,長く生きること。長寿。長命。
老樹,ろうじゅ,長い年月を経た樹木。老木。古木。
老醜,ろうしゅう,年をとって姿などが醜いこと。
陋習,ろうしゅう,いやしい習慣。悪い習慣。
老熟,ろうじゅく,長く経験を積んで、物事に熟練すること。また、そのさま。
漏出,ろうしゅつ,内部のものが漏れて出ること。また、漏らし出すこと。
朗唱,ろうしょう,声高く歌ったり、詩歌をよみ上げたりすること。
朗笑,ろうしょう,ほがらかに笑うこと。また、その笑い。
楼上,ろうじょう,高い建物の上。また、階上。
老嬢,ろうじょう,独身のまま婚期を過ぎた女性。年とった未婚の女性。
籠城,ろうじょう,１ 城などの中にたてこもって敵を防ぐこと。２ 家などにこもって外に出ないこと。
朗色,ろうしょく,ほがらかな顔色やようす。
老身,ろうしん,年老いたからだ。老体。
老人,ろうじん,１ 年をとった人。年寄り。２ 星新一のショートショート作品。つねならぬ話に収録。
漏水,ろうすい,水が漏れること。また、漏れた水。
老衰,ろうすい,年をとって心身が衰えること。
労政,ろうせい,労働に関する行政。
老成,ろうせい,１ 年をとり経験を積んで、熟達していること。また、そのさま。２ 年齢のわりにおとなびていること。
老生,ろうせい,１ 年寄り。老人。２ 年をとった書生。３ 一人称の人代名詞。年をとった男性が自分をへりくだっていう語。多く手紙文に用いる。
狼藉,ろうぜき,１ 無法な荒々しい振る舞い。乱暴な行い。２ 物が乱雑に取り散らかっているさま。
陋拙,ろうせつ,いやしくつたないこと。下品で劣っていること。また、そのさま。拙陋。
弄舌,ろうぜつ,むやみにしゃべり散らすこと。多言。饒舌(じょうぜつ)。
蝋燭,ろうそく,縒(よ)り糸や紙を縒り合わせたものを芯(しん)にし、蝋やパラフィンを円柱状に成型して灯火に用いるもの。
老体,ろうたい,１ 年とったからだ。老身。老躯(ろうく)。また、老人。年寄り。２ （「御(ご)老体」の形で）老人を敬っていう語。３ 能の三体の一。老人の風姿。
老台,ろうだい,二人称の人代名詞。老人や年長の人を敬っていう語。多く手紙文で用いる。
籠鳥,ろうちょう,かごの中に飼われている鳥。かごのとり。
労賃,ろうちん,労働に対する報酬としての賃金。労働賃金。労銀。
漏電,ろうでん,配電の不備や電線の絶縁不良により、電流が回路以外にもれて流れること。
労働,ろうどう,１ からだを使って働くこと。特に、収入を得る目的で、からだや知能を使って働くこと。２ 経済学で、生産に向けられる人間の努力ないし活動。自然に働きかけてこれを変化させ、生産手段や生活手段をつくりだす人間の活動。労働力の使用・消費。
郎党,ろうとう,身分的に主人に付き従う従僕。従者。中世、武家の家臣で、主家と血縁関係がない者。
朗読,ろうどく,声に出して読み上げること。特に、詩歌や文章などをその内容をくみとり、感情をこめて読み上げること。
浪人,ろうにん,１ 古代、本籍地を離れ、他国を流浪している者。浮浪人。２ 中世・近世、主家を自ら去ったり、あるいは失ったりした武士。江戸時代には幕府の大名取りつぶし政策などにより著しく増加し、政治・社会問題となった。浪士。３ 入学試験や入社試験に不合格となり、入学や就職ができないでいる人。また、職を失って、きまった職のない人。
老年,ろうねん,１ 年をとって、心身の衰えがめだつ年ごろ。また、その年ごろの人。２ 芥川竜之介の短編小説。大正3年（1914）5月、雑誌「新思潮」に柳川竜之介の筆名で発表。芥川の処女小説とされる。
老輩,ろうはい,１ 年寄りたち。老人たち。２ 老人である自分を謙遜していう語。
狼狽,ろうばい,不意の出来事などにあわててうろたえること。
牢番,ろうばん,牢屋の見張りをすること。また、牢屋の番人。
浪費,ろうひ,金銭・時間・精力などをむだに使うこと。むだづかい。
弄筆,ろうひつ,１ 文を必要以上に飾って書くこと。２ 事実を曲げて書くこと。曲筆。
老病,ろうびょう,年をとってからだが衰えたために起こる病気。老衰病。
労兵,ろうへい,１ 労働者と兵士。２ 疲れた兵士。
弄兵,ろうへい,みだりに兵を使うこと。やたらに戦争を起こすこと。
老兵,ろうへい,１ 年とった兵士。２ 軍事に老熟した兵士。
老舗,ろうほ,何代も続いている古くからある店。しにせ。
朗報,ろうほう,喜ばしい知らせ。
老木,ろうぼく,年数を経た木。古木。老樹。
労務,ろうむ,１ 報酬を受ける目的で行う労働勤務。２ 企業で、労働力の使用・管理に関する事務。
牢屋,ろうや,罪人などを捕らえて閉じ込めておく所。牢獄。牢。
朧夜,ろうや,月のおぼろな夜。おぼろよ。
籠絡,ろうらく,巧みに手なずけて、自分の思いどおりに操ること。
老吏,ろうり,老年の役人。また、老練な役人。
労力,ろうりょく,１ 何かをするために心身を働かせること。骨折り。２ 労働力。人手。
老齢,ろうれい,年とっていること。老年。
老練,ろうれん,多く経験を積んで、物事に慣れ、巧みであること。また、そのさま。
浪浪,ろうろう,１ 所を定めず、さまよい歩くこと。あてもなくさすらうこと。流浪るろう。２ 一定の職がなくぶらぶらしていること。３ 水などが流れるさま。また、その音。
朗朗,ろうろう,音声が澄んでよく通るさま。
漏話,ろうわ,電話で通話中、他の回線の通話が漏れること。
朗話,ろうわ,人の心を明るくするような話。
露営,ろえい,１ 野外に陣営を設けること。また、その陣営。２ 野外にテントなどを張り、寝ること。野営。
濾過,ろか,液体や気体を多孔質の物質に通して固体粒を取り除くこと。
路肩,ろかた,道路の有効幅員の外側の路面。
路銀,ろぎん,旅に必要な金銭。旅費。
録音,ろくおん,再生を目的として音声・音楽・音響などをテープ・レコードなどに記録すること。また、その音。
録画,ろくが,再生を目的として画像をテープ・ディスク・フィルムなどに記録すること。また、その画像。
録写,ろくしゃ,文書を書き写すこと。
緑青,ろくしょう,銅または銅合金の表面に生じる緑色のさび。
六曜,ろくよう,暦注のうち、先勝(せんしょう)・友引(ともびき)・先負(せんぶ)・仏滅・大安・赤口(しゃっこう)の六種。
碌碌,ろくろく,１ 平凡で役に立たないさま。たいした事もできないさま。２ 小石が多くあるさま。
露光,ろこう,１ 写真撮影や焼き付け・引き伸ばしのとき、フィルム・乾板・CCDなどのイメージセンサー・印画紙などに光を当てて感光させること。露出。２ つゆの光。
露骨,ろこつ,感情などを隠さずに、ありのまま外に表すこと。また、そのさま。
濾紙,ろし,液体に含まれる固体粒などをこし分けるのに用いる、多孔質の紙。こしがみ。濾過紙。
露出,ろしゅつ,１ あらわれでること。また、あらわしだすこと。２ マスメディア、特にテレビに取り上げられること。３ カメラで、レンズのシャッターを開閉して、乾板・フィルムの感光膜や、CCDなどのイメージセンサーに光を当てること。露光。
路床,ろしょう,舗装道路を造る際に地面を掘り下げて地ならしをし、堅くした地盤。
路上,ろじょう,１ 道の上。道ばた。２ どこかへ行く途中。
炉心,ろしん,原子炉の、核分裂連鎖反応が起きてエネルギーを発生する部分。燃料集合体・制御棒・冷却材などのある所。
路人,ろじん,道を往来する人。転じて、利害関係のない人。
濾水,ろすい,水を濾(こ)すこと。また、濾した水。
路線,ろせん,１ 自動車・鉄道・航空機が運行される経路を線として表示したもの。海上運送では航路という。２ 始点から経過地を通り終点にいたる道路の位置を示す線。３ 政党などの掲げる運動の方向。
路銭,ろせん,旅の費用。旅費。路銀。
炉前,ろぜん,高熱で加工、燃焼する装置の前。
露台,ろだい,１ 屋根のない台。２ 建物の外面に張り出した、屋根のない平らな所。バルコニー。テラス。３ 紫宸殿ししんでんと仁寿殿じじゆうでんとの間の、屋根のない床張りの舞台。
路程,ろてい,ある地点から目的地までの距離。行程。みちのり。
露呈,ろてい,隠れていた事柄が表面に現れ出ること。また、さらけ出すこと。
露天,ろてん,屋根がなく、あらわになっている所。野天。
露店,ろてん,道ばたや寺社の境内などで、ござや台の上に並べた商品を売る店。大道店。ほしみせ。
露点,ろてん,空気中の水蒸気が凝結して露になりはじめるときの温度。
炉頭,ろとう,囲炉裏(いろり)のほとり。いろりばた。
路頭,ろとう,道のほとり。みちばた。路傍。
露頭,ろとう,１ かぶりものをつけず、頭をむき出しにしていること。また、その頭。２ 岩石・地層・鉱床などが地表に露出している部分。
魯鈍,ろどん,１ 愚かで頭の働きが鈍いこと。また、そのさま。愚鈍。２ 精神遅滞の軽度のもの。
路盤,ろばん,１ 舗装道路で、舗装表面と路床との間の、砕石や砂を敷き詰めた部分。２ 鉄道路線で、軌道を支える、盛り土などをして地ならしした地盤。
路費,ろひ,旅行の費用。路銀。路用。
路標,ろひょう,みちしるべ。道標。
炉縁,ろぶち,１ 炉の縁の枠。２ 炉のほとり。炉辺。
露仏,ろぶつ,仏殿などに安置せず、野外に置かれている仏像。ぬれぼとけ。
炉辺,ろへん,囲炉裏(いろり)のそば。ろばた。
路辺,ろへん,道のほとり。みちばた。路傍。
路傍,ろぼう,道のほとり。みちばた。路辺。
露命,ろめい,露のようにはかない命。
路面,ろめん,道路の表面。
路用,ろよう,旅行の費用。旅費。路銀。
呂律,ろれつ,物を言うときの調子。言葉の調子。
臚列,ろれつ,連ね並べること。また、連なり並ぶこと。
論意,ろんい,論じていることの主意。論旨。
論過,ろんか,ひととおり論じること。
論外,ろんがい,１ 現在の議論の範囲外のこと。２ 論ずる価値のないこと。とるにたりないこと。また、そのさま。問題外。３ もってのほかのこと。とんでもないこと。また、そのさま。法外。
論詰,ろんきつ,問い詰めること。論じなじること。
論客,ろんきゃく,好んで議論をする人。また、何事に関してもひとかどの意見をもち、それを堂々と述べたてる人。
論及,ろんきゅう,論じてそのことにまで言い及ぶこと。
論究,ろんきゅう,ある物事を論じきわめること。深く十分に論じること。
論拠,ろんきょ,議論のよりどころ。議論・論証の根拠。
論決,ろんけつ,論じ合って決めること。
論結,ろんけつ,議論の結末をつけること。論じ合って結論を出すこと。
論功,ろんこう,功績の有無・程度を論じて決めること。
論稿,ろんこう,論文の原稿。また、論文。
論告,ろんこく,刑事裁判において、証拠調べが終わったのち、検察官が事実および法律の適用について意見を陳述すること。
論策,ろんさく,時の政治や時事問題などについて方策を述べた文章。
論纂,ろんさん,議論して編纂すること。また、論文を集めた書物。
論賛,ろんさん,１ 人の徳行や業績などを論じたたえること。２ 史伝の終わりに著者が書き記した史実に対する論評。
論旨,ろんし,論文・議論の主旨。議論の筋道。
論者,ろんしゃ,論ずる人。議論を好む人。
論宗,ろんしゅう,特定の論書をよりどころとして開いた宗派。
論集,ろんしゅう,論文を集めてまとめた書物。論文集。
論述,ろんじゅつ,論じ述べること。また、その述べたもの。
論証,ろんしょう,ある与えられた判断が真であることを妥当な論拠を挙げて推論すること。
論陣,ろんじん,議論や弁論をするときの論の組み立て。
論説,ろんせつ,１ 事物の内容や理非を論じ、自説を述べたり、説明したりすること。また、その文章。２ 新聞・雑誌などで、社説またはそれに準ずる記事。
論戦,ろんせん,互いに議論をたたかわせること。
論叢,ろんそう,論文を集めたもの。論集。
論争,ろんそう,互いに言い争うこと。
論題,ろんだい,論ずる主題。議論や論文の題目。
論壇,ろんだん,１ 意見を述べるための壇。議論をたたかわせる場所。２ 批評家や評論家などの社会。言論界。
論断,ろんだん,論じて判断・結論を下すこと。
論談,ろんだん,物事の是非・善悪を論じ述べること。また、論じ談話すること。
論著,ろんちょ,１ 学術論文を記すこと。また、学術論文を記した書物。２ 論文と著書。
論調,ろんちょう,１ 議論の調子。２ 議論・評論の情勢。論争の内容。
論定,ろんてい,論じて決めること。論じて決定・規定すること。
論敵,ろんてき,論争・議論の相手。
論点,ろんてん,議論の中心となる問題点。
論難,ろんなん,相手の誤り・欠点などを論じて非難すること。
論破,ろんぱ,議論をして相手の説を破ること。
論駁,ろんばく,相手の論や説の誤りを論じて攻撃すること。
論判,ろんぱん,１ 論じて是非を判じること。２ 是非を論じ争うこと。論争。議論。
論評,ろんぴょう,ある物事の内容・結果などを論じ、批評すること。また、その文章。
論文,ろんぶん,１ 論議する文。筋道を立てて述べた文。２ 学術的な研究の結果などを述べた文章。
論弁,ろんべん,１ 論じて物事の理非や区別を明らかにすること。２ 意見・主張を述べること。また、その意見。弁論。
論法,ろんぽう,議論を進めていく筋道の立て方。論理の運び方。
論鋒,ろんぽう,１ 議論の勢い。１ 議論のほこ先。
論理,ろんり,１ 考えや議論などを進めていく筋道。思考や論証の組み立て。思考の妥当性が保証される法則や形式。２ 事物の間にある法則的な連関。３ 「論理学」の略。
炉穴,ろあな,縄文時代早期の遺構の一。内部に焼かれた土が残る穴で、調理施設として使われていたとされる。長径1.5メートル前後、深さ50センチ前後の楕円形を標準とし、竪穴(たてあな)状など、さまざまな形態がある。ろけつ。
狼咽,ろういん,口蓋裂(こうがいれつ)のこと。
老王,ろうおう,年老いた国王。
老翁,ろうおう,年をとった男性。おきな。
老媼,ろうおう,年をとった女性。おうな。老嫗(ろうう)。
老鶯,ろうおう,春が過ぎても鳴いているウグイス。夏うぐいす。残鶯。
労音,ろうおん,勤労者のための音楽鑑賞組織。昭和24年（1949）大阪で発足、以後、各地に広がり、同30年には全国労音連絡会議が結成された。
狼火,ろうか,のろし。
蝋画,ろうが,古代ギリシャ・エジプトなどで行われた絵画の技法。また、その絵。蝋(ろう)で溶いた顔料で描き、熱で基底材に顔料層を定着させるもの。
蝋型,ろうがた,鋳金技法の一。中子(なかご)の表面を蜜蝋(みつろう)と松脂(まつやに)を混ぜたもので覆って原型を作り、粘土汁を混ぜた泥を塗って乾燥させ、加熱して蝋を溶かして空洞を作り、鋳型とする。これに溶かした金属を注入して鋳物を作る。古くは青銅器・金銅仏の製作に用いられ、現代では精密鋳物で行われる。
蝋管,ろうかん,初期の蓄音機で、録音・再生用の蝋を塗った円筒。蝋に音溝を刻んで録音した。
瘻管,ろうかん,皮膚・粘膜や臓器の組織に、炎症などによって生じた管状の穴。体内で連絡するものと、体表に開口するものとがある。胃瘻・腸瘻・痔瘻(じろう)など。胃・腸・膀胱(ぼうこう)などに、栄養補給や排出のため人工的につくることもある。フィスチュラ。
弄丸,ろうがん,玉を空中に投げ上げては受けとめる芸。玉取り。品玉。
老妓,ろうぎ,年をとった芸妓。
籠球,ろうきゅう,球技の一。1チーム5人ずつの二組が、規定時間内に1個のボールを奪い合い、相手チームのバスケットの中へ投げ入れて得点を競うゲーム。また、この競技に用いるボールのこと。籃球(らんきゅう)。バスケット。
労協,ろうきょう,働く人が共同で出資し、主体的に経営を担いながら、地域社会に貢献する事業を行う協同組合。日本では戦後の失業者対策事業や1970年代に各地で設立された中高年雇用福祉事業団などを起源として全国に広まった。協同労働の協同組合。労働者協同組合。
浪曲,ろうきょく,語り物の一種。江戸末期、説経節・祭文などの影響を受けて大坂で成立。初めはちょんがれ節・うかれ節などともよばれた。三味線の伴奏で独演し、題材は軍談・講釈・物語など、義理人情をテーマとしたものが多い。
労金,ろうきん,昭和28年（1953）制定の労働金庫法に基づき、労働組合・消費生活協同組合その他の労働者団体が協同して組織・運営する労働者のための金融機関。営利を目的とせず、会員全体に奉仕することを原則とする。
労組,ろうくみ,労働者が労働条件の維持・改善や社会的地位の向上などを目ざして、自主的に組織する団体。企業別・職業別・産業別・一般組合などの形態がある。
朧月,ろうげつ,おぼろづき。
臘月,ろうげつ,陰暦12月の異称。
老犬,ろうけん,老いた犬。
螻蛄,ろうこ,ケラのこと。
瘻孔,ろうこう,皮膚・粘膜や臓器の組織に、炎症などによって生じた管状の穴。体内で連絡するものと、体表に開口するものとがある。胃瘻・腸瘻・痔瘻(じろう)など。胃・腸・膀胱(ぼうこう)などに、栄養補給や排出のため人工的につくることもある。瘻管。フィスチュラ。
老妻,ろうさい,年老いた妻。
労作,ろうさく,１ 骨を折って働くこと。労働。２ 苦心して作り上げた作品。
老杉,ろうさん,長い年月を経た杉の木。
牢死,ろうし,牢内で死ぬこと。獄死。
老死,ろうし,年老いて死ぬこと。老衰で死ぬこと。
老視,ろうし,１ 年齢とともに目の水晶体の調節力が低下し、近くの物が見えにくくなること。また、その目。老視。２ 老人の目。
臘日,ろうじつ,1年の最後の日。大みそか。大つごもり。
楼主,ろうしゅ,楼とよばれる家の主人。特に、妓楼(ぎろう)の主人。
老酒,ろうしゅ,１ 古い酒。２ 糯米(もちごめ)などの穀物と薬草を原料とする中国の醸造酒の総称。アルコール分14パーセントぐらいで、古いものほど風味がなれてよくなる。また特に、紹興酒(しょうこうしゅ)の古いものをさす。
老儒,ろうじゅ,年をとっていて学識の高い儒者。また、儒者が自分をへりくだっていう語。
老中,ろうじゅう,江戸幕府の最高の職名。将軍に直属して政務一般を総理した。ふつう、2万5千石以上の譜代大名の中から4、5名が選ばれ、月番制で政務の責任者となり実務を行った。宿老。執政。
老女,ろうじょ,１ 年をとった女性。老婦人。２ 武家の奥向きに仕えた侍女の長である女性。３ 能などに用いる年をとった女性の面。
労相,ろうしょう,労働大臣のこと。
老将,ろうしょう,１ 年をとった将軍。老将軍。２ 経験を積んで軍事に通じた将軍。
老少,ろうしょう,老いていることと若いこと。また、老人と若者。老若(ろうにゃく)。
老松,ろうしょう,長い年月を経た松。古松。おいまつ。
老職,ろうしょく,１ 幕府の大老や老中などの職。２ 諸大名の家老や中老などの職。
老臣,ろうしん,１ 年老いた家臣。２ 身分の高い家臣。重臣。
老親,ろうしん,年老いた親。
狼燧,ろうすい,のろし。狼煙。狼火。
蝋石,ろうせき,１ 緻密(ちみつ)な塊状で、蝋のような光沢と触感のある鉱物や岩石。耐火物の原料や紙の平滑剤などに用いる。多く葉蝋石を主成分とする鉱石を指すが、滑石やカオリンなど似た外見をもつものも含めていうことがある。２ 石筆のこと。
狼瘡,ろうそう,１ 結核菌が血行により運ばれ、全身の皮膚、特に顔面の組織が破壊されて結節・潰瘍(かいよう)・瘢痕(はんこん)などができる病気。尋常性狼瘡。２ 「紅斑性(こうはんせい)狼瘡」の略。
老僧,ろうそう,年とった僧。また、年とった僧が自身をさしていう語。
老荘,ろうそう,老子と荘子。
老叟,ろうそう,年とった男性。老翁(ろうおう)。
楼台,ろうだい,高い建物。また、あずまやなど、屋根のある建物。
壟断,ろうだん,１ 高い丘の切り立っている所。２ 利益や権利を独り占めにすること。
漏斗,ろうと,液体を口の狭い容器に移したり、濾過(ろか)したりするときに使う器具。一般に注ぎ口の広い円錐形で下端は細長い。じょうご。
老尼,ろうに,年とった尼僧。
労農,ろうのう,労働者と農民。
老農,ろうのう,年とった農民。
老婆,ろうば,年とった女性。老女。老媼(ろうおう)。
老馬,ろうば,年とった馬。
老梅,ろうばい,１ 年数を経た梅の木。２ 山口洋子の短編小説。昭和60年（1985）刊行。同年、「演歌の虫」とあわせ第93回直木賞受賞。
老婢,ろうひ,年とった下女。
廊廟,ろうびょう,政務を執る殿舎。廟堂。
老夫,ろうふ,年とった男性。
老婦,ろうふ,年とった女性。
老父,ろうふ,年とった父。
老母,ろうぼ,年とった母。
老僕,ろうぼく,年とった下男。
粮米,ろうまい,食糧としての米。糧米。
蝋膜,ろうまく,猛禽(もうきん)類やオウム・インコなどの上くちばしの付け根を覆う肉質の部分。ハト類ではこぶ状に盛り上がるため、鼻瘤(はなこぶ・びりゅう)ともいう。
浪漫,ろうまん,１ 空想的、冒険的、伝奇的な要素の強い物語。特に中世ヨーロッパの、恋愛・武勇などを扱った物語をいう。ロマン。２ 小説。特に、長編小説。３ 感情的、理想的に物事をとらえること。夢や冒険などへの強いあこがれをもつこと。
楼門,ろうもん,2階造りの門。下層に屋根のないものをさし、下層にも屋根があるものを二重門とよんで区別する。
老爺,ろうや,年をとった男性。老翁。
老優,ろうゆう,年とった俳優。また、経験を積んで、芸のすぐれた俳優。
老友,ろうゆう,年とった友人。
老雄,ろうゆう,年とった英雄。
労連,ろうれん,「労働組合連合会」「労働組合連盟」などの略称。
炉火,ろか,いろりの火。ろび。
蘆花,ろか,アシの花穂。
蘆薈,ろかい,アロエのこと。
露岩,ろがん,地表から露出している岩石。
盧橘,ろきつ,１ ナツミカンの別名。２ キンカンの別名。３ 薫物(たきもの)の一。沈香(じんこう)・丁字香(ちょうじこう)・甲香(こうこう)、その他数種の香を練り合わせたもの。
魯魚,ろぎょ,まちがいやすい文字。また、文字の誤り。焉馬(えんば)。
鱸魚,ろぎょ,スズキのこと。
六月,ろくがつ,一年の6番目の月。水無月(みなづき)。
六具,ろくぐ,6種でひとそろいの武具。鎧(よろい)の六具は胴・籠手(こて)・袖・脇楯(わいだて)・脛楯(はいだて)・脛当(すねあて)の6種というが、異説が多い。ほかに大将の六具、騎兵の六具などがある。りくぐ。
六号,ろくごう,１ 活字を号数で表すときの6番目の大きさの活字。縦横約3ミリで、8ポイント活字よりやや小さい。２ 雑誌などで、六号活字で組まれた記事。雑報・埋めくさなどが多かった。３ 雑誌などで、六号活字で組まれた雑報や消息などの欄。
六座,ろくざ,律令制で、左右の大弁・中弁・少弁の異称。六弁。
肋材,ろくざい,船の竜骨と組み合わせて船底と両舷を形づくる、湾曲した肋骨状の骨組み材。肋骨。
六時,ろくじ,１ 午前または午後の零時から数えた6時間後の時刻。２ 仏教で、一昼夜を晨朝(じんじょう)・日中・日没(にちもつ)・初夜・中夜・後夜(ごや)の六つに分けたもの。この時刻ごとに念仏や読経などの勤行(ごんぎょう)をした。
録事,ろくじ,１ 記録・文書をつかさどる官職。書記。２ 公式の宴会の際に、酒などの世話をする役人。
六尺,ろくしゃく,１ 1尺の6倍。一間(いっけん)。曲尺(かねじゃく)で約1.8メートル。２ 晒(さら)し木綿6尺をそのまま用いる男性の下帯。３ 樫(かし)などで作った長さ6尺の棒。防犯・警備・護身用などに用いた。４ 輿(こし)や駕籠(かご)を担ぐ人足。駕籠舁(かごかき)。５ 下僕。下男。６ 造り酒屋の下男。７ 賄(まかな)い・掃除などをする雑役人の総称。
六種,ろくしゅ,六つの種類。特に、仏教では、仏が説法するときに現れる六つの瑞相や、法会のとき、仏前に供える六つの供物をいう。
禄賞,ろくしょう,封禄と賞賜。
鹿茸,ろくじょう,鹿(しか)の袋角(ふくろづの)を乾燥したもの。漢方で増血・強精剤などに用いる。
六情,ろくじょう,喜・怒・哀・楽・愛・悪の六つの感情。
六親,ろくしん,最も身近な六種の親族。父・母・兄・弟・妻・子。また、父・子・兄・弟・夫・婦などや、広く親族全体をさしても用いる。りくしん。
六体,ろくたい,１ 和歌の六種の形式。長歌・短歌・旋頭歌(せどうか)・混本歌・折句・沓冠(くつかぶり)の称。２ 漢字の六種の書体。大篆(だいてん)・小篆・八分(はっぷん)・隷書・行書・草書。また、古文・奇字・篆書・隷書・繆篆(びゅうてん)・虫書。六書(りくしょ)。ろくたい。
禄高,ろくだか,与えられる俸禄の額。
六段,ろくだん,箏曲(そうきょく)。八橋検校(やつはしけんぎょう)作曲。52小節からなる段を六段集めた純器楽曲。のちに替手(かえで)のほか、三味線や尺八の曲にも編曲され、それらと合奏することもある。六段の調(しらべ)。
肋椎,ろくつい,胸椎と肋骨。肋椎関節(ろくついかんせつ)によって互いに結合している。
六博,ろくはく,さいころ。また、さいの目。
陸梁,ろくばり,洋風小屋組みの最下部に置かれる梁。
肋板,ろくばん,船体の湾曲部を形作る、肋材の間に差し込んである鋼鉄板。
肋木,ろくぼく,柱の間に多数の丸い横木を通した体操の固定用具。懸垂・足掛けなどをする。
禄米,ろくまい,武士が主家から禄として与えられる米。扶持米(ふちまい)。
肋膜,ろくまく,肺を二重に包む膜。肺の外側表面と胸郭の内面を覆っている。そのすきまを胸膜腔といい、少量の胸水があって摩擦をやわらげている。
六味,ろくみ,１ 六種の味。苦・酸・甘・辛・鹹(かん)・淡。２ 漢方で、地黄・山茱萸(さんしゅゆ)・山薬などを調合した丸薬。強壮などに用いる。
六脈,ろくみゃく,漢方で、脈拍の六種の状態。浮・沈・数(さく)・遅・滑・渋の総称。
鹿鳴,ろくめい,宴会で客をもてなす音楽。また、宴会のこと。
六物,ろくもつ,僧尼が常に所持すべき六種の物。大衣・上衣・内衣の三衣(さんえ)と鉢・尼師壇(にしだん)（座具）・漉水嚢(ろくすいのう)。比丘(びく)六物。
六葉,ろくよう,6枚の葉を六角形に模様化した飾り金具。長押(なげし)・懸魚(げぎょ)・扉の釘隠しなどに用いる。
六暦,ろくれき,日本で使われた六種の陰暦。元嘉(げんか)暦・儀鳳(ぎほう)暦・大衍(たいえん)暦・五紀暦・宣明(せんみょう)暦・貞享(じょうきょう)暦。
轆轤,ろくろ,１ 円形の陶磁器を成形するときに用いる台。上部の円盤に陶土をのせて、回転させながら種々の形を作り出す。轆轤台。２ 回転軸の端に取り付けた木地(きじ)を、回転させながら刃物を当て、丸く削ったり、えぐったりする工具。回し錐(ぎり)。ろくろがな。３ 重い物の上げ下ろしに用いる滑車。４ 車井戸の釣瓶(つるべ)を上下するための滑車。５ 傘の上端で骨の先を集めて、傘の開閉に用いる仕掛け。
露語,ろご,ロシア語。
露根,ろこん,木の根が地上に現れ出ていること。また、その根。ねあがり。
炉座,ろざ,南天の小星座。鯨座の南東にあり、12月下旬の午後8時ごろ、南天低く南中する。
露礁,ろしょう,水面にあらわれている海中の岩石。
濾床,ろしょう,濾過池の、砂や砂利を層状に敷いてある所。上層ほど細かい砂とする。濾過床。
露場,ろじょう,気象観測をするために整備した屋外の場所。周りに障害物のない平らな場所に、雨が跳ね返らないよう芝を植え、百葉箱(ひゃくようばこ)や雨量計などを設置する。
炉水,ろすい,原子炉内の冷却水。一般的には、原子炉圧力容器内の燃料棒に直接触れる水を指す。加圧水型原子炉の場合、一次冷却水に対応する。原子炉水。
炉畳,ろだたみ,茶室で、炉を切った畳。
炉壇,ろだん,護摩をたく炉を据える壇。大壇、円形の水壇、木製の木壇の3種があり、日本では木壇を用いる。
路駐,ろちゅう,公道上に自動車や自転車を停めておくこと。
鹿角,ろっかく,１ 鹿(しか)のつの。漢方で強壮薬に用いる。２ 昔の武具の一。鹿のつのに似た鉄製のくま手。引っかけて物を引き寄せるのに使った。
六角,ろっかく,１ 6個の角。２ 6本の線分で囲まれた多角形。六辺形。３ 京都市中京区を東西に走る道路の呼び名。三条通り南側の小路。全長約3.3キロ。名は六角堂（頂法寺）にちなむ。
肋間,ろっかん,あばらぼねの間。肋骨と肋骨との間。
六器,ろっき,密教の法具の一。閼伽(あか)・塗香(ずこう)・華鬘(けまん)を盛る金銅製の器。火舎(かしゃ)の左右に3個ずつ置き、6個で一具となる。
六輝,ろっき,暦注のうち、先勝(せんしょう)・友引(ともびき)・先負(せんぶ)・仏滅・大安・赤口(しゃっこう)の六種。古く中国で時刻の吉凶占いとされたが、日本に伝わり、明治6年（1873）の太陽暦採用後に新たに日の吉凶占いとして取り入れられ、現在も広く行われている。六輝(ろっき)。
六禁,ろっきん,荒忌みの際の六つの禁制事項。祭祀(さいし)の神事にかかわる者が、喪を弔い、病者を見舞い、肉食することを禁じ、また死刑・裁判・音楽を行わないこと。6色の禁忌。
六区,ろっく,東京都台東区、浅草観音堂の南西の映画館・演芸場などがある娯楽街。もと浅草公園六区画中の第六区であった。
六穴,ろっけつ,人体にある六つの穴。目・口・耳・鼻、および両便（肛門・陰部）をさす。
鹿行,ろっこう,茨城県南東部の地方を指していう。旧鹿島郡・旧行方(なめがた)郡の地域で、両方の頭文字をとって付けられた。鹿嶋・潮来(いたこ)・神栖(かみす)・行方・鉾田(ほこた)の5市で形成される。
六穀,ろっこく,6種の穀類。稲・粱(おおあわ)・菽(まめ)・麦・黍(もちきび)・稷(たかきび)。りくこく。
肋骨,ろっこつ,１ 脊柱の胸椎と結合し、腹方に湾曲して、胸部の内臓を保護する弓形の骨。人間では左右12対あり、上方の7対は前端が胸骨に連絡する。あばらぼね。２ 船の、肋材(ろくざい)。
六白,ろっぱく,九星の一。五行(ごぎょう)では金に属し、北西とする。
六方,ろっぽう,１ 東西南北と上下との六つの方向。２ 六つの平面で囲まれた立体。六面体。
六法,ろっぽう,１ 現行成文法中の、憲法・刑法・民法・商法・刑事訴訟法・民事訴訟法の六大法典。２ 六法1を中心に、基本的な法令を収録している書。３ 東洋画の制作・鑑賞のための六つの規範。南斉の謝赫(しゃかく)が「古画品録」の序で挙げた、気韻生動・骨法用筆・応物象形・随類賦彩・経営位置・伝模移写をいう。ろっぽう。
蘆荻,ろてき,アシとオギ。
驢馬,ろば,ウマ科の哺乳類。肩高約1.2メートル。体形は馬に似るが、たてがみは立っていて耳が長く、尾の先に房毛をもつ。乾燥地に生息。野生種アフリカノロバが古代エジプト時代から家畜化され、改良の途中でアジアノロバも関与したと考えられる。体は頑丈で粗食・労役に耐える。ドンキー。うさぎうま。
露盤,ろばん,仏塔の相輪のいちばん下にある四角い盤。
露文,ろぶん,１ ロシア語で書かれた文章。２ 「ロシア文学」「ロシア文学科」の略。
露鋒,ろほう,書道の用筆法の一。筆の穂先が筆画の外にあらわれるように書くこと。
濾胞,ろほう,１ 体組織、特に内分泌腺の組織で、多数の細胞からなる完全に閉じた袋状の構造物。中に分泌物がたまる。卵巣や甲状腺・脳下垂体中葉にみられる。２ 卵巣の皮質にある、卵細胞とそれを取り巻く卵胞上皮細胞とからなる細胞集団。月経周期ごとに1個ずつ原始卵胞が成熟し、グラーフ濾胞(ろほう)になると破れて排卵する。排卵後は黄体(おうたい)に変わる。濾胞。卵巣濾胞。
蘆木,ろぼく,古生代石炭紀後期から二畳紀にかけて繁茂した木生シダ。高さ15メートル以上、形状はトクサに似る。炭化して石炭となった。カラミテス。
露訳,ろやく,ロシア語に翻訳すること。また、その翻訳したもの。
露里,ろり,ロシアの里程の単位。1露里は約1067メートル。
露和,ろわ,ロシアと日本。また、ロシア語と日本語。
論師,ろんじ,論蔵を学び、これに精通した人。
論式,ろんしき,論理学で、三段論法を構成する三つの判断のそれぞれの量（全称・特称）と質（肯定・否定）の違いによって決まる三段論法の形式。式。
論所,ろんしょ,１ 論じて争うところ。議論点。論点。争点。論地。２ 訴訟対象となっている地所。所有権・占有権・使用権をめぐって争われている係争地。また、その訴訟。論地。
論地,ろんち,１ 論じて争うところ。議論点。論点。争点。論所。２ 所有権・占有権・使用権をめぐって争われている係争地。訴訟対象となっている地所。論所。
